entry_month,completed_trades,win_rate,mean_r,median_r,profit_factor,gross_pnl,net_pnl,costs
2021-03,1.0,1.0,2.591525586523044,2.591525586523044,inf,177.95442194726638,154.754329366642,23.20009258062438
2021-05,6.0,0.8333333333333334,1.9999579848244358,2.6876551888775473,13.528920905371416,1219.2117764733848,1070.1772756772052,149.03450079617937
2021-06,1.0,0.0,-1.4885111656331707,-1.4885111656331707,0.0,-51.600383907877585,-75.04327017324974,23.442886265372145
2021-07,5.0,0.8,1.9179054545263625,2.720344758436115,7.658626191007366,957.3170712601699,826.7719433972431,130.54512786292676
2021-09,7.0,0.8571428571428571,2.148583679262799,2.73356860032768,15.962776751830202,1816.693461616685,1627.7363324231246,188.9571291935603
2021-10,2.0,0.5,0.7452665760509449,0.7452665760509449,2.3786587256321465,230.05565431359167,178.63172737579433,51.42392693779734
2021-12,2.0,0.5,0.6552620588956238,0.6552620588956238,1.9896690244875352,190.57412219904927,138.2403560617288,52.3337661373205
2022-01,2.0,0.0,-1.2465905034581506,-1.2465905034581506,0.0,-227.21642117964052,-278.84960793107126,51.63318675143077
2022-04,2.0,1.0,2.749408305108291,2.749408305108291,inf,688.7430305654741,635.0067601722035,53.736270393270495
2022-07,2.0,0.5,0.7462588582803208,0.7462588582803208,2.4200938419311875,249.64416683528526,195.2015315464445,54.442635288840776
2022-08,5.0,0.6,1.0946473402880337,2.647647812342753,3.144505304977981,635.6772105992782,507.91860314379664,127.75860745548141
2022-09,2.0,0.0,-1.2468142560345332,-1.2468142560345332,0.0,-248.30009535618154,-304.1803546742333,55.88025931805178
2022-10,1.0,0.0,-1.2558637803747397,-1.2558637803747397,0.0,-120.09427130529866,-148.0765164187087,27.982245113410045
2022-11,8.0,0.375,0.11310105186577757,-1.2630428003616454,1.9207630497322175,666.3137117685403,459.5640875640793,206.74962420446107
2022-12,3.0,0.0,-3.23153202430327,-1.319954444984794,0.0,-220.96373406315757,-294.4713022076875,73.50756814452986
2023-01,5.0,0.2,-0.4868153406122576,-1.279385803645156,0.5425635715147409,-105.95135349411328,-243.99878228695667,138.0474287928434
2023-02,1.0,1.0,2.7092735771876915,2.7092735771876915,inf,324.54087608749296,295.405331009597,29.135545077895962
2023-03,1.0,1.0,2.688569518242924,2.688569518242924,inf,276.5276168025739,249.65259294091146,26.87502386166243
2023-04,2.0,1.0,2.743124592567523,2.743124592567523,inf,574.2700559329571,520.2065263861389,54.06352954681833
2023-05,7.0,0.8571428571428571,2.064281964839691,2.5768844922609344,8.082325621733737,1271.2605424838107,1083.1840421728107,188.07650031099993
2023-06,6.0,0.5,0.6541542937154974,0.6503957732862097,2.5520203788436384,685.2635979465493,513.0904482534943,172.17314969305508
2023-07,8.0,0.5,0.6814576411228868,0.6879022071726789,2.210158430842854,843.2338264786683,613.5075815378393,229.72624494082905
2023-08,4.0,0.75,1.7313229766439457,2.7113502369276965,5.8068321608754285,911.5887656553809,792.4982742508153,119.0904914045657
2023-09,12.0,0.6666666666666666,1.256870658255889,2.628642194359835,3.863248174552855,2004.9967021512425,1665.473010883914,339.52369126732873
2023-10,3.0,0.6666666666666666,1.420681545822112,2.7379571486479053,3.984912577421521,632.5557027632349,540.6067062249248,91.94899653831008
2023-11,5.0,1.0,2.728510932671637,2.710843254505431,inf,1585.9986649971333,1438.6662488155066,147.33241618162685
2023-12,7.0,0.7142857142857143,1.5094783225586206,2.606958899543305,3.412073433175594,1085.0464051589051,877.0778637613527,207.9685413975525
2024-01,3.0,1.0,2.7538185833142017,2.784700514765489,inf,1227.0445872240316,1138.1237589473008,88.92082827673093
2024-03,3.0,0.3333333333333333,0.09088025910858755,-1.2238213996452767,1.2816469727098523,169.08637994584547,84.94101196913999,84.1453679767055
2024-04,2.0,1.0,2.7839977445709883,2.7839977445709883,inf,940.0849534982817,878.2807395340474,61.804213964234336
2024-06,1.0,0.0,-1.1905567143816547,-1.1905567143816547,0.0,-170.3516555298438,-199.82736311227475,29.47570758243094
2024-07,3.0,1.0,2.7734877704110374,2.7792208162674736,inf,1357.5468712414606,1264.9742257614766,92.57264547998412
2024-08,1.0,0.0,-1.2279148599704748,-1.2279148599704748,0.0,-158.87944702772802,-191.21789481644353,32.33844778871551
2024-09,7.0,0.5714285714285714,0.8979485391296896,2.2536644078449477,2.6922623607676455,1021.873421911289,814.5137375778369,207.3596843334521
2024-12,1.0,0.0,-1.2526651440961283,-1.2526651440961283,0.0,-133.91063490862962,-164.32681099633217,30.416176087702546
2025-01,2.0,1.0,2.7956147959983007,2.7956147959983007,inf,967.2593314005007,906.7114973209893,60.547834079511446
2025-05,3.0,0.6666666666666666,1.4178271722586275,2.7235818711774655,2.960847863331461,454.78414902218674,372.8829248546996,81.90122416748719
2025-06,9.0,0.4444444444444444,0.5308274484061486,-1.1753515501537426,1.8617098820482076,1180.8825782623617,889.9116407090763,290.9709375532857
2025-07,2.0,0.5,0.7625651313811287,0.7625651313811287,1.5909322995829798,186.0573251217793,123.46356810939037,62.593757012388934
2025-09,5.0,0.8,1.9364810675557744,2.715007802359238,9.0155876159255,1654.633222485873,1480.7722979955572,173.86092449031563
2025-10,7.0,0.2857142857142857,-0.23815855860336074,-1.2159416306394775,0.34046545567144637,-517.7031612446788,-748.8200117360934,231.11685049141465
2025-11,1.0,0.0,-1.207499082282445,-1.207499082282445,0.0,-181.24596814995493,-214.74011555374946,33.49414740379452
2025-12,5.0,0.4,0.6422191804159685,-0.04794408035914718,2.201805761623486,630.9647819416512,457.49299019887667,173.4717917427745
