date,cash,equity,open_positions
2021-01-01,20000.0,20000.0,0
2021-01-04,20000.0,20000.0,0
2021-01-05,20000.0,20000.0,0
2021-01-06,20000.0,20000.0,0
2021-01-07,20000.0,20000.0,0
2021-01-08,20000.0,20000.0,0
2021-01-11,20000.0,20000.0,0
2021-01-12,20000.0,20000.0,0
2021-01-13,20000.0,20000.0,0
2021-01-14,20000.0,20000.0,0
2021-01-15,20000.0,20000.0,0
2021-01-18,20000.0,20000.0,0
2021-01-19,20000.0,20000.0,0
2021-01-20,20000.0,20000.0,0
2021-01-21,20000.0,20000.0,0
2021-01-22,20000.0,20000.0,0
2021-01-25,20000.0,20000.0,0
2021-01-27,20000.0,20000.0,0
2021-01-28,20000.0,20000.0,0
2021-01-29,20000.0,20000.0,0
2021-02-01,20000.0,20000.0,0
2021-02-02,20000.0,20000.0,0
2021-02-03,20000.0,20000.0,0
2021-02-04,20000.0,20000.0,0
2021-02-05,20000.0,20000.0,0
2021-02-08,20000.0,20000.0,0
2021-02-09,20000.0,20000.0,0
2021-02-10,20000.0,20000.0,0
2021-02-11,20000.0,20000.0,0
2021-02-12,20000.0,20000.0,0
2021-02-15,20000.0,20000.0,0
2021-02-16,20000.0,20000.0,0
2021-02-17,20000.0,20000.0,0
2021-02-18,20000.0,20000.0,0
2021-02-19,20000.0,20000.0,0
2021-02-22,20000.0,20000.0,0
2021-02-23,20000.0,20000.0,0
2021-02-24,20000.0,20000.0,0
2021-02-25,20000.0,20000.0,0
2021-02-26,20000.0,20000.0,0
2021-03-01,20000.0,20000.0,0
2021-03-02,20000.0,20000.0,0
2021-03-03,20000.0,20000.0,0
2021-03-04,20000.0,20000.0,0
2021-03-05,20000.0,20000.0,0
2021-03-08,20000.0,20000.0,0
2021-03-09,20000.0,20000.0,0
2021-03-10,20000.0,20000.0,0
2021-03-12,20000.0,20000.0,0
2021-03-15,20000.0,20000.0,0
2021-03-16,20000.0,20000.0,0
2021-03-17,20000.0,20000.0,0
2021-03-18,20000.0,20000.0,0
2021-03-19,17792.175478825724,20104.22552765385,1
2021-03-22,17792.175478825724,20145.3754299976,1
2021-03-23,17792.175478825724,20129.47552765385,1
2021-03-24,17792.175478825724,20110.775576481974,1
2021-03-25,17792.175478825724,20029.22552765385,1
2021-03-26,17792.175478825724,20110.075381169474,1
2021-03-30,20154.754329366642,20154.754329366642,0
2021-03-31,20154.754329366642,20154.754329366642,0
2021-04-01,20154.754329366642,20154.754329366642,0
2021-04-05,20154.754329366642,20154.754329366642,0
2021-04-06,20154.754329366642,20154.754329366642,0
2021-04-07,20154.754329366642,20154.754329366642,0
2021-04-08,20154.754329366642,20154.754329366642,0
2021-04-09,20154.754329366642,20154.754329366642,0
2021-04-12,20154.754329366642,20154.754329366642,0
2021-04-13,20154.754329366642,20154.754329366642,0
2021-04-15,20154.754329366642,20154.754329366642,0
2021-04-16,20154.754329366642,20154.754329366642,0
2021-04-19,20154.754329366642,20154.754329366642,0
2021-04-20,20154.754329366642,20154.754329366642,0
2021-04-22,20154.754329366642,20154.754329366642,0
2021-04-23,20154.754329366642,20154.754329366642,0
2021-04-26,20154.754329366642,20154.754329366642,0
2021-04-27,20154.754329366642,20154.754329366642,0
2021-04-28,20154.754329366642,20154.754329366642,0
2021-04-29,20154.754329366642,20154.754329366642,0
2021-04-30,20154.754329366642,20154.754329366642,0
2021-05-03,20154.754329366642,20154.754329366642,0
2021-05-04,20154.754329366642,20154.754329366642,0
2021-05-05,20154.754329366642,20154.754329366642,0
2021-05-06,20154.754329366642,20154.754329366642,0
2021-05-07,20154.754329366642,20154.754329366642,0
2021-05-10,20154.754329366642,20154.754329366642,0
2021-05-11,20154.754329366642,20154.754329366642,0
2021-05-12,20154.754329366642,20154.754329366642,0
2021-05-14,17530.32713042608,20304.82713042608,1
2021-05-17,17530.32713042608,20313.07713042608,1
2021-05-18,17530.32713042608,20352.127179254207,1
2021-05-19,17530.32713042608,20346.17722808233,1
2021-05-20,17530.32713042608,20324.42722808233,1
2021-05-21,17530.32713042608,20362.82713042608,1
2021-05-24,17530.32713042608,20349.527081597957,1
2021-05-25,20422.795211030858,20422.795211030858,0
2021-05-26,18138.942534090216,20520.22256338709,1
2021-05-27,9132.399362045704,20554.059335190235,4
2021-05-28,5452.653105837189,20694.742705446566,5
2021-05-31,9397.032805046067,20769.89279039763,4
2021-06-01,9397.032805046067,20781.912687858567,4
2021-06-02,12124.761702820906,20669.781661317,3
2021-06-03,12124.761702820906,20673.031600281844,3
2021-06-04,12124.761702820906,20757.2416222545,3
2021-06-07,12124.761702820906,20776.87168817247,3
2021-06-08,12124.761702820906,20844.781722352156,3
2021-06-09,12124.761702820906,20793.531722352156,3
2021-06-10,12124.761702820906,20934.88194207872,3
2021-06-11,12124.761702820906,20999.06175164903,3
2021-06-14,12124.761702820906,20994.091780945906,3
2021-06-15,15377.89382987042,21000.383820104795,2
2021-06-16,15377.89382987042,21023.47390799542,2
2021-06-17,15377.89382987042,21059.35379080792,2
2021-06-18,12953.80458504746,21133.874653406834,3
2021-06-21,12953.80458504746,21172.534809656834,3
2021-06-22,12953.80458504746,21171.584614344334,3
2021-06-23,12953.80458504746,21152.154438563084,3
2021-06-24,16301.640653932052,21258.440458619552,2
2021-06-25,16301.640653932052,21247.610624635177,2
2021-06-28,16301.640653932052,21237.420683228927,2
2021-06-29,16301.640653932052,21254.170683228927,2
2021-06-30,16301.640653932052,21194.750761353927,2
2021-07-01,16301.640653932052,21142.930692994552,2
2021-07-02,16301.640653932052,21139.030790650802,2
2021-07-05,16301.640653932052,21185.310819947677,2
2021-07-06,16301.640653932052,21192.300566041427,2
2021-07-07,16301.640653932052,21258.120634400802,2
2021-07-08,16301.640653932052,21215.970732057052,2
2021-07-09,18800.842360220886,21252.29231139276,1
2021-07-12,18800.842360220886,21244.992262564636,1
2021-07-13,18800.842360220886,21237.54231139276,1
2021-07-14,12078.65246544914,21514.80255089836,3
2021-07-15,15284.623044403792,21855.973142060044,2
2021-07-16,15284.623044403792,21722.022946747544,2
2021-07-19,15284.623044403792,21694.07299557567,2
2021-07-20,16138.106716482936,21732.05666765481,2
2021-07-22,16138.106716482936,21623.006618826686,2
2021-07-23,18487.152691132647,21570.902691132647,1
2021-07-26,18487.152691132647,21548.352642304522,1
2021-07-27,18487.152691132647,21515.802593476397,1
2021-07-28,18487.152691132647,21491.252788788897,1
2021-07-29,14646.674110698255,21618.07395200685,2
2021-07-30,14646.674110698255,21491.32395200685,2
2021-08-02,14646.674110698255,21534.82410459474,2
2021-08-03,14646.674110698255,21692.174110698255,2
2021-08-04,18769.681366658424,21788.281464314674,1
2021-08-05,18769.681366658424,21758.081269002174,1
2021-08-06,18769.681366658424,21736.1313178303,1
2021-08-09,18769.681366658424,21762.23141548655,1
2021-08-10,18769.681366658424,21746.831269002174,1
2021-08-11,18769.681366658424,21742.281464314674,1
2021-08-12,18769.681366658424,21745.181366658424,1
2021-08-13,18769.681366658424,21758.3813178303,1
2021-08-16,18769.681366658424,21741.081269002174,1
2021-08-17,18769.681366658424,21784.98141548655,1
2021-08-18,18769.681366658424,21771.23141548655,1
2021-08-20,18769.681366658424,21882.6313178303,1
2021-08-23,18769.681366658424,21847.1313178303,1
2021-08-24,18769.681366658424,21815.6313178303,1
2021-08-25,18769.681366658424,21807.73141548655,1
2021-08-26,18769.681366658424,21809.331269002174,1
2021-08-27,18769.681366658424,21806.48141548655,1
2021-08-30,18769.681366658424,21878.431366658424,1
2021-08-31,18769.681366658424,21971.031464314674,1
2021-09-01,21976.66027826784,21976.66027826784,0
2021-09-02,21976.66027826784,21976.66027826784,0
2021-09-03,21976.66027826784,21976.66027826784,0
2021-09-06,21976.66027826784,21976.66027826784,0
2021-09-07,21976.66027826784,21976.66027826784,0
2021-09-08,17745.282413817895,22102.12250170852,1
2021-09-09,17745.282413817895,22108.12250170852,1
2021-09-13,17745.282413817895,22161.402531005395,1
2021-09-14,14743.21817136566,22335.6179516391,2
2021-09-15,15316.011857255031,22700.66160701089,2
2021-09-16,14162.119157290446,23044.165605044353,2
2021-09-17,18848.312820948537,23055.812820948537,1
2021-09-20,18848.312820948537,23020.11271718877,1
2021-09-21,18848.312820948537,23067.712769068654,1
2021-09-22,23101.257351365664,23101.257351365664,0
2021-09-23,23101.257351365664,23101.257351365664,0
2021-09-24,19765.630415307623,23214.230512963873,1
2021-09-27,15811.460045911494,23298.859826184933,2
2021-09-28,11559.888081449053,23384.637776273274,3
2021-09-29,16121.909356283753,23505.459283041564,2
2021-09-30,19348.750579674925,23364.00051863977,1
2021-10-01,19348.750579674925,23488.000457604612,1
2021-10-04,19348.750579674925,23554.500701745237,1
2021-10-05,19348.750579674925,23564.00051863977,1
2021-10-06,19348.750579674925,23519.250457604612,1
2021-10-07,23604.396610690965,23604.396610690965,0
2021-10-08,23604.396610690965,23604.396610690965,0
2021-10-11,23604.396610690965,23604.396610690965,0
2021-10-12,23604.396610690965,23604.396610690965,0
2021-10-13,23604.396610690965,23604.396610690965,0
2021-10-14,20534.818575522364,23786.01852669424,1
2021-10-18,20534.818575522364,23777.01852669424,1
2021-10-19,20534.818575522364,23703.818575522364,1
2021-10-20,20534.818575522364,23714.418673178614,1
2021-10-21,16872.841002157827,23848.990904501577,2
2021-10-22,16872.841002157827,23828.560942343374,2
2021-10-25,19812.849823383443,23690.949768451803,1
2021-10-26,23783.028338066757,23783.028338066757,0
2021-10-27,23783.028338066757,23783.028338066757,0
2021-10-28,23783.028338066757,23783.028338066757,0
2021-10-29,23783.028338066757,23783.028338066757,0
2021-11-01,23783.028338066757,23783.028338066757,0
2021-11-02,23783.028338066757,23783.028338066757,0
2021-11-03,23783.028338066757,23783.028338066757,0
2021-11-04,23783.028338066757,23783.028338066757,0
2021-11-08,23783.028338066757,23783.028338066757,0
2021-11-09,23783.028338066757,23783.028338066757,0
2021-11-10,23783.028338066757,23783.028338066757,0
2021-11-11,23783.028338066757,23783.028338066757,0
2021-11-12,23783.028338066757,23783.028338066757,0
2021-11-15,23783.028338066757,23783.028338066757,0
2021-11-16,23783.028338066757,23783.028338066757,0
2021-11-17,23783.028338066757,23783.028338066757,0
2021-11-18,23783.028338066757,23783.028338066757,0
2021-11-22,23783.028338066757,23783.028338066757,0
2021-11-23,23783.028338066757,23783.028338066757,0
2021-11-24,23783.028338066757,23783.028338066757,0
2021-11-25,23783.028338066757,23783.028338066757,0
2021-11-26,23783.028338066757,23783.028338066757,0
2021-11-29,23783.028338066757,23783.028338066757,0
2021-11-30,23783.028338066757,23783.028338066757,0
2021-12-01,23783.028338066757,23783.028338066757,0
2021-12-02,23783.028338066757,23783.028338066757,0
2021-12-03,23783.028338066757,23783.028338066757,0
2021-12-06,23783.028338066757,23783.028338066757,0
2021-12-07,23783.028338066757,23783.028338066757,0
2021-12-08,23783.028338066757,23783.028338066757,0
2021-12-09,23783.028338066757,23783.028338066757,0
2021-12-10,23783.028338066757,23783.028338066757,0
2021-12-13,23783.028338066757,23783.028338066757,0
2021-12-14,23783.028338066757,23783.028338066757,0
2021-12-15,23783.028338066757,23783.028338066757,0
2021-12-16,23783.028338066757,23783.028338066757,0
2021-12-17,20136.877573126436,23778.57752429831,1
2021-12-20,20136.877573126436,23734.67762195456,1
2021-12-21,16624.251981239548,23862.451932411423,2
2021-12-22,16624.251981239548,23942.052030067673,2
2021-12-23,16624.251981239548,24021.801785927048,2
2021-12-24,20414.801351262846,24141.801351262846,1
2021-12-27,20414.801351262846,24147.10140009097,1
2021-12-28,20414.801351262846,24190.801351262846,1
2021-12-29,20414.801351262846,24185.901448919096,1
2021-12-30,20414.801351262846,24200.50130243472,1
2021-12-31,20414.801351262846,24190.301351262846,1
2022-01-03,20414.801351262846,24211.701253606596,1
2022-01-04,20414.801351262846,24213.10140009097,1
2022-01-05,20414.801351262846,24104.10140009097,1
2022-01-06,20414.801351262846,24050.401448919096,1
2022-01-07,20414.801351262846,24043.401448919096,1
2022-01-10,20414.801351262846,24116.301351262846,1
2022-01-11,20414.801351262846,24126.00130243472,1
2022-01-12,17021.877809237805,24298.97766275343,2
2022-01-13,17021.877809237805,24399.477906894055,2
2022-01-14,17021.877809237805,24405.377809237805,2
2022-01-17,17021.877809237805,24504.07776040968,2
2022-01-18,17021.877809237805,24431.977906894055,2
2022-01-19,17021.877809237805,24333.578004550305,2
2022-01-20,17021.877809237805,24191.277711581555,2
2022-01-21,17021.877809237805,24094.07776040968,2
2022-01-24,20528.345152103444,23947.14520093157,1
2022-01-25,20528.345152103444,23946.345152103444,1
2022-01-27,20528.345152103444,23960.54510327532,1
2022-01-28,16882.194387163123,24004.694326127967,2
2022-01-31,16882.194387163123,24118.6944176807,2
2022-02-01,16882.194387163123,24030.89427729984,2
2022-02-02,16882.194387163123,24029.494130815467,2
2022-02-03,16882.194387163123,23859.89427729984,2
2022-02-04,20381.965795040265,23748.76584386839,1
2022-02-07,20381.965795040265,23699.965795040265,1
2022-02-08,23642.41908619741,23642.41908619741,0
2022-02-09,23642.41908619741,23642.41908619741,0
2022-02-10,23642.41908619741,23642.41908619741,0
2022-02-11,23642.41908619741,23642.41908619741,0
2022-02-14,23642.41908619741,23642.41908619741,0
2022-02-15,23642.41908619741,23642.41908619741,0
2022-02-16,23642.41908619741,23642.41908619741,0
2022-02-17,23642.41908619741,23642.41908619741,0
2022-02-18,23642.41908619741,23642.41908619741,0
2022-02-21,23642.41908619741,23642.41908619741,0
2022-02-22,23642.41908619741,23642.41908619741,0
2022-02-23,23642.41908619741,23642.41908619741,0
2022-02-24,23642.41908619741,23642.41908619741,0
2022-02-25,23642.41908619741,23642.41908619741,0
2022-02-28,23642.41908619741,23642.41908619741,0
2022-03-02,23642.41908619741,23642.41908619741,0
2022-03-03,23642.41908619741,23642.41908619741,0
2022-03-04,23642.41908619741,23642.41908619741,0
2022-03-07,23642.41908619741,23642.41908619741,0
2022-03-08,23642.41908619741,23642.41908619741,0
2022-03-09,23642.41908619741,23642.41908619741,0
2022-03-10,23642.41908619741,23642.41908619741,0
2022-03-11,23642.41908619741,23642.41908619741,0
2022-03-14,23642.41908619741,23642.41908619741,0
2022-03-15,23642.41908619741,23642.41908619741,0
2022-03-16,23642.41908619741,23642.41908619741,0
2022-03-17,23642.41908619741,23642.41908619741,0
2022-03-21,23642.41908619741,23642.41908619741,0
2022-03-22,23642.41908619741,23642.41908619741,0
2022-03-23,23642.41908619741,23642.41908619741,0
2022-03-24,23642.41908619741,23642.41908619741,0
2022-03-25,23642.41908619741,23642.41908619741,0
2022-03-28,23642.41908619741,23642.41908619741,0
2022-03-29,23642.41908619741,23642.41908619741,0
2022-03-30,23642.41908619741,23642.41908619741,0
2022-03-31,23642.41908619741,23642.41908619741,0
2022-04-01,16086.097239229246,23919.13477585034,2
2022-04-04,16086.097239229246,23996.647394868894,2
2022-04-05,20546.924356703385,24217.461984877213,1
2022-04-06,24277.425846369617,24277.425846369617,0
2022-04-07,24277.425846369617,24277.425846369617,0
2022-04-08,24277.425846369617,24277.425846369617,0
2022-04-11,24277.425846369617,24277.425846369617,0
2022-04-12,24277.425846369617,24277.425846369617,0
2022-04-13,24277.425846369617,24277.425846369617,0
2022-04-18,24277.425846369617,24277.425846369617,0
2022-04-19,24277.425846369617,24277.425846369617,0
2022-04-20,24277.425846369617,24277.425846369617,0
2022-04-21,24277.425846369617,24277.425846369617,0
2022-04-22,24277.425846369617,24277.425846369617,0
2022-04-25,24277.425846369617,24277.425846369617,0
2022-04-26,24277.425846369617,24277.425846369617,0
2022-04-27,24277.425846369617,24277.425846369617,0
2022-04-28,24277.425846369617,24277.425846369617,0
2022-04-29,24277.425846369617,24277.425846369617,0
2022-05-02,24277.425846369617,24277.425846369617,0
2022-05-04,24277.425846369617,24277.425846369617,0
2022-05-05,24277.425846369617,24277.425846369617,0
2022-05-06,24277.425846369617,24277.425846369617,0
2022-05-09,24277.425846369617,24277.425846369617,0
2022-05-10,24277.425846369617,24277.425846369617,0
2022-05-11,24277.425846369617,24277.425846369617,0
2022-05-12,24277.425846369617,24277.425846369617,0
2022-05-13,24277.425846369617,24277.425846369617,0
2022-05-16,24277.425846369617,24277.425846369617,0
2022-05-17,24277.425846369617,24277.425846369617,0
2022-05-18,24277.425846369617,24277.425846369617,0
2022-05-19,24277.425846369617,24277.425846369617,0
2022-05-20,24277.425846369617,24277.425846369617,0
2022-05-23,24277.425846369617,24277.425846369617,0
2022-05-24,24277.425846369617,24277.425846369617,0
2022-05-25,24277.425846369617,24277.425846369617,0
2022-05-26,24277.425846369617,24277.425846369617,0
2022-05-27,24277.425846369617,24277.425846369617,0
2022-05-30,24277.425846369617,24277.425846369617,0
2022-05-31,24277.425846369617,24277.425846369617,0
2022-06-01,24277.425846369617,24277.425846369617,0
2022-06-02,24277.425846369617,24277.425846369617,0
2022-06-03,24277.425846369617,24277.425846369617,0
2022-06-06,24277.425846369617,24277.425846369617,0
2022-06-07,24277.425846369617,24277.425846369617,0
2022-06-08,24277.425846369617,24277.425846369617,0
2022-06-09,24277.425846369617,24277.425846369617,0
2022-06-10,24277.425846369617,24277.425846369617,0
2022-06-13,24277.425846369617,24277.425846369617,0
2022-06-14,24277.425846369617,24277.425846369617,0
2022-06-15,24277.425846369617,24277.425846369617,0
2022-06-16,24277.425846369617,24277.425846369617,0
2022-06-17,24277.425846369617,24277.425846369617,0
2022-06-20,24277.425846369617,24277.425846369617,0
2022-06-21,24277.425846369617,24277.425846369617,0
2022-06-22,24277.425846369617,24277.425846369617,0
2022-06-23,24277.425846369617,24277.425846369617,0
2022-06-24,24277.425846369617,24277.425846369617,0
2022-06-27,24277.425846369617,24277.425846369617,0
2022-06-28,24277.425846369617,24277.425846369617,0
2022-06-29,24277.425846369617,24277.425846369617,0
2022-06-30,24277.425846369617,24277.425846369617,0
2022-07-01,19792.786001885583,24447.470358575036,1
2022-07-04,19792.786001885583,24571.060171807458,1
2022-07-05,19792.786001885583,24489.212393487145,1
2022-07-06,19792.786001885583,24528.499472344567,1
2022-07-07,19792.786001885583,24571.87883635824,1
2022-07-08,19792.786001885583,24589.8853060848,1
2022-07-11,24610.08416125158,24610.08416125158,0
2022-07-12,24610.08416125158,24610.08416125158,0
2022-07-13,24610.08416125158,24610.08416125158,0
2022-07-14,24610.08416125158,24610.08416125158,0
2022-07-15,24610.08416125158,24610.08416125158,0
2022-07-18,24610.08416125158,24610.08416125158,0
2022-07-19,24610.08416125158,24610.08416125158,0
2022-07-20,24610.08416125158,24610.08416125158,0
2022-07-21,24610.08416125158,24610.08416125158,0
2022-07-22,24610.08416125158,24610.08416125158,0
2022-07-25,24610.08416125158,24610.08416125158,0
2022-07-26,24610.08416125158,24610.08416125158,0
2022-07-27,24610.08416125158,24610.08416125158,0
2022-07-28,24610.08416125158,24610.08416125158,0
2022-07-29,21016.021264381838,24788.821313209963,1
2022-08-01,14666.51009766799,24835.01009766799,3
2022-08-02,9882.380082367039,24852.469193695164,4
2022-08-03,14537.814674012374,24680.614478699874,3
2022-08-04,14537.814674012374,24913.414771668624,3
2022-08-05,14537.814674012374,24810.214576356124,3
2022-08-08,14537.814674012374,24851.014869324874,3
2022-08-10,14537.814674012374,24906.1147228405,3
2022-08-11,14537.814674012374,24908.01462518425,3
2022-08-12,14537.814674012374,24819.1147228405,3
2022-08-16,14537.814674012374,24911.014869324874,3
2022-08-17,11718.057969807154,24966.207872150902,4
2022-08-18,11718.057969807154,24944.357774494652,4
2022-08-19,11718.057969807154,24761.307725666527,4
2022-08-22,11718.057969807154,24564.407823322777,4
2022-08-23,11718.057969807154,24783.858018635277,4
2022-08-24,11718.057969807154,24734.408067463402,4
2022-08-25,11718.057969807154,24649.358018635277,4
2022-08-26,9230.812136037988,24743.56213603799,5
2022-08-29,12687.418249572209,24668.968298400334,4
2022-08-30,15293.588115247878,24889.737773451,3
2022-09-01,11238.497379188424,25021.14740360249,4
2022-09-02,11238.497379188424,24907.147342567332,4
2022-09-05,11238.497379188424,24997.747684364207,4
2022-09-06,11238.497379188424,24991.34723270405,4
2022-09-07,11238.497379188424,25062.497257118113,4
2022-09-08,11238.497379188424,25042.197452430613,4
2022-09-09,11238.497379188424,24995.09741580952,4
2022-09-12,11238.497379188424,25144.047183875926,4
2022-09-13,13915.16265303797,25265.762750694223,3
2022-09-14,9013.143338222946,25363.655819912397,4
2022-09-15,9013.143338222946,25291.443615932905,4
2022-09-16,11724.748953293732,25000.136602829865,3
2022-09-19,11724.748953293732,24905.96173710721,3
2022-09-20,16023.435930185376,25105.66081421858,2
2022-09-21,16023.435930185376,24982.773668222486,2
2022-09-22,20769.541639376883,24785.54170041204,1
2022-09-23,24676.36562638562,24676.36562638562,0
2022-09-26,24676.36562638562,24676.36562638562,0
2022-09-27,24676.36562638562,24676.36562638562,0
2022-09-28,24676.36562638562,24676.36562638562,0
2022-09-29,24676.36562638562,24676.36562638562,0
2022-09-30,24676.36562638562,24676.36562638562,0
2022-10-03,24676.36562638562,24676.36562638562,0
2022-10-04,24676.36562638562,24676.36562638562,0
2022-10-06,24676.36562638562,24676.36562638562,0
2022-10-07,24676.36562638562,24676.36562638562,0
2022-10-10,24676.36562638562,24676.36562638562,0
2022-10-11,24676.36562638562,24676.36562638562,0
2022-10-12,24676.36562638562,24676.36562638562,0
2022-10-13,24676.36562638562,24676.36562638562,0
2022-10-14,24676.36562638562,24676.36562638562,0
2022-10-17,24676.36562638562,24676.36562638562,0
2022-10-18,24676.36562638562,24676.36562638562,0
2022-10-19,24676.36562638562,24676.36562638562,0
2022-10-20,24676.36562638562,24676.36562638562,0
2022-10-21,20180.781935986677,24747.14192133824,1
2022-10-24,20180.781935986677,24730.70197993199,1
2022-10-25,20180.781935986677,24612.622023877302,1
2022-10-27,20180.781935986677,24656.781935986677,1
2022-10-28,20180.781935986677,24702.982009228865,1
2022-10-31,20180.781935986677,24745.462111767927,1
2022-11-01,20180.781935986677,24762.861892041365,1
2022-11-02,20180.781935986677,24764.661818799177,1
2022-11-03,20180.781935986677,24741.14192133824,1
2022-11-04,16729.159275583916,24890.439060740166,2
2022-11-07,12792.468343773913,25006.058309594227,3
2022-11-09,12792.468343773913,25017.37825588329,3
2022-11-10,12792.468343773913,24916.978109398915,3
2022-11-11,4874.5112853627425,25118.90130001118,5
2022-11-14,4874.5112853627425,25210.53154903462,5
2022-11-15,4874.5112853627425,25210.22161251118,5
2022-11-16,4874.5112853627425,25349.52141719868,5
2022-11-17,8185.806943305159,25195.777036078594,4
2022-11-18,8185.806943305159,25179.926816352032,4
2022-11-21,8185.806943305159,25047.246762641094,4
2022-11-22,8185.806943305159,25098.757138617657,4
2022-11-23,8185.806943305159,25134.747128852032,4
2022-11-24,8185.806943305159,25300.247128852032,4
2022-11-25,8185.806943305159,25240.26702631297,4
2022-11-28,1843.1365400453578,25411.848209967233,6
2022-11-29,1017.7788804505662,25681.688060138065,6
2022-11-30,211.36854286635526,25920.641308979637,7
2022-12-01,102.48486786035426,25970.812321473637,8
2022-12-02,102.48486786035426,25723.87006073145,8
2022-12-05,102.48486786035426,25717.065335084477,8
2022-12-06,102.48486786035426,25708.965626527348,8
2022-12-07,1295.9293009602188,25683.075342830336,8
2022-12-08,1295.9293009602188,25735.314394649184,8
2022-12-09,1295.9293009602188,25598.797083552992,8
2022-12-12,1295.9293009602188,25629.864588435805,8
2022-12-13,1295.9293009602188,25715.69082134596,8
2022-12-14,6266.357221037996,25815.296079070224,7
2022-12-15,6266.357221037996,25654.661954314364,7
2022-12-16,6266.357221037996,25463.448911101474,7
2022-12-19,9441.291723240538,25568.831472386046,6
2022-12-20,9441.291723240538,25522.512899388,6
2022-12-21,13788.798897220771,25329.087936832588,5
2022-12-22,13788.798897220771,25211.661667301338,5
2022-12-23,24845.161469590763,24845.161469590763,0
2022-12-26,24845.161469590763,24845.161469590763,0
2022-12-27,20422.30030980461,25012.000383046798,1
2022-12-28,20422.30030980461,24992.500383046798,1
2022-12-29,20422.30030980461,25038.700456288985,1
2022-12-30,20422.30030980461,25030.600236562423,1
2023-01-02,20422.30030980461,25074.100236562423,1
2023-01-03,20422.30030980461,25029.700456288985,1
2023-01-04,20422.30030980461,24840.100236562423,1
2023-01-05,20422.30030980461,24926.500383046798,1
2023-01-06,20422.30030980461,24792.400163320235,1
2023-01-09,16596.997476126526,24982.147256399963,2
2023-01-10,16596.997476126526,25012.8976226109,2
2023-01-11,16596.997476126526,25059.997476126526,2
2023-01-12,16596.997476126526,25137.3976226109,2
2023-01-13,16596.997476126526,25192.447549368713,2
2023-01-16,16596.997476126526,25098.997476126526,2
2023-01-17,12309.965791606537,25243.71591367685,3
2023-01-18,12309.965791606537,25412.3160113331,3
2023-01-19,12309.965791606537,25375.116060161225,3
2023-01-20,12309.965791606537,25202.815767192475,3
2023-01-23,12309.965791606537,25166.01571836435,3
2023-01-24,12309.965791606537,25028.965791606537,3
2023-01-25,12309.965791606537,24941.765840434662,3
2023-01-27,7779.333286396359,24993.913395038937,4
2023-01-30,11930.73358431005,24746.881167317864,3
2023-01-31,11549.858735766618,25000.556398120134,3
2023-02-01,16364.99480788006,24629.19500319256,2
2023-02-02,24449.383113036343,24449.383113036343,0
2023-02-03,24449.383113036343,24449.383113036343,0
2023-02-06,24449.383113036343,24449.383113036343,0
2023-02-07,24449.383113036343,24449.383113036343,0
2023-02-08,24449.383113036343,24449.383113036343,0
2023-02-09,24449.383113036343,24449.383113036343,0
2023-02-10,24449.383113036343,24449.383113036343,0
2023-02-13,24449.383113036343,24449.383113036343,0
2023-02-14,24449.383113036343,24449.383113036343,0
2023-02-15,24449.383113036343,24449.383113036343,0
2023-02-16,24449.383113036343,24449.383113036343,0
2023-02-17,24449.383113036343,24449.383113036343,0
2023-02-20,24449.383113036343,24449.383113036343,0
2023-02-21,24449.383113036343,24449.383113036343,0
2023-02-22,24449.383113036343,24449.383113036343,0
2023-02-23,24449.383113036343,24449.383113036343,0
2023-02-24,24449.383113036343,24449.383113036343,0
2023-02-27,24449.383113036343,24449.383113036343,0
2023-02-28,19643.225597917113,24477.163097917113,1
2023-03-01,19643.225597917113,24404.30068641809,1
2023-03-02,19643.225597917113,24435.838009416137,1
2023-03-03,19643.225597917113,24473.900509416137,1
2023-03-06,19643.225597917113,24583.73818641809,1
2023-03-08,19643.225597917113,24603.313274919066,1
2023-03-09,19643.225597917113,24554.375774919066,1
2023-03-10,19643.225597917113,24570.688274919066,1
2023-03-13,19643.225597917113,24560.900509416137,1
2023-03-14,19643.225597917113,24541.32542091516,1
2023-03-15,19643.225597917113,24608.750774919066,1
2023-03-16,19643.225597917113,24692.48818641809,1
2023-03-17,19643.225597917113,24639.20042091516,1
2023-03-20,19643.225597917113,24591.350597917113,1
2023-03-21,15830.29348617389,24589.506025846742,2
2023-03-22,15830.29348617389,24628.41834884479,2
2023-03-23,15830.29348617389,24525.006025846742,2
2023-03-24,15830.29348617389,24495.393477018617,2
2023-03-27,15830.29348617389,24425.01844650104,2
2023-03-28,15830.29348617389,24452.568495329164,2
2023-03-29,15830.29348617389,24547.880858000062,2
2023-03-31,15830.29348617389,24624.018309171937,2
2023-04-03,15830.29348617389,24709.093397672914,2
2023-04-05,15830.29348617389,24761.330977018617,2
2023-04-06,15830.29348617389,24763.08108383014,2
2023-04-10,15830.29348617389,24873.731260832094,2
2023-04-11,15082.042664067714,24914.80491687533,2
2023-04-12,12136.073048768407,25086.478291688327,3
2023-04-13,15322.982789865713,25212.282533518057,2
2023-04-17,20424.54563599454,25351.935620125398,1
2023-04-18,20424.54563599454,25334.12568360196,1
2023-04-19,20424.54563599454,25325.285778816804,1
2023-04-20,20424.54563599454,25322.945477303132,1
2023-04-21,20424.54563599454,25348.035778816804,1
2023-04-24,20424.54563599454,25357.395794685945,1
2023-04-25,20424.54563599454,25336.72544556485,1
2023-04-26,20424.54563599454,25308.90565186368,1
2023-04-27,20424.54563599454,25386.90565186368,1
2023-04-28,20424.54563599454,25463.47544556485,1
2023-05-02,20424.54563599454,25419.535778816804,1
2023-05-03,20424.54563599454,25445.01566773282,1
2023-05-04,20424.54563599454,25488.305493172273,1
2023-05-05,22839.53476421941,25572.43466656316,1
2023-05-08,22839.53476421941,25590.78476421941,1
2023-05-09,22839.53476421941,25587.93466656316,1
2023-05-10,22839.53476421941,25584.984715391285,1
2023-05-11,22839.53476421941,25597.38486187566,1
2023-05-12,22839.53476421941,25612.734715391285,1
2023-05-15,20208.095736884734,25679.54568805661,2
2023-05-16,20208.095736884734,25684.345736884734,2
2023-05-17,20208.095736884734,25693.44559040036,2
2023-05-18,20208.095736884734,25665.095736884734,2
2023-05-19,20208.095736884734,25622.745639228484,2
2023-05-22,20208.095736884734,25612.79568805661,2
2023-05-23,20208.095736884734,25601.995639228484,2
2023-05-24,20208.095736884734,25654.04568805661,2
2023-05-25,15694.832319856177,25779.582319856177,3
2023-05-26,15694.832319856177,25798.082319856177,3
2023-05-29,15694.832319856177,25902.482222199927,3
2023-05-30,18510.634191793288,25881.683996480788,2
2023-05-31,1351.5684682926085,26150.278429230108,6
2023-06-01,9149.350471327109,25935.300727674767,4
2023-06-02,9149.350471327109,26014.500495741173,4
2023-06-05,9149.350471327109,25986.350349256798,4
2023-06-06,9149.350471327109,25988.20038587789,4
2023-06-07,4426.383203004689,26484.93300769219,5
2023-06-08,4010.686134159626,26400.03588086373,5
2023-06-09,4010.686134159626,26344.68627148873,5
2023-06-12,4010.686134159626,26477.235923588338,5
2023-06-13,4010.686134159626,26679.936530888142,5
2023-06-14,8959.564967212373,26739.964793262177,4
2023-06-15,4255.028753985797,26891.079031695757,5
2023-06-16,230.65590597892424,27189.15485312248,6
2023-06-19,3911.969076552221,27210.560293593237,5
2023-06-20,3911.969076552221,27138.304098524877,5
2023-06-21,3911.969076552221,27159.60530702097,5
2023-06-22,8115.399294833807,26883.380557040837,4
2023-06-23,17201.326969110978,26889.626819574845,2
2023-06-26,17201.326969110978,26823.17685314418,2
2023-06-27,17201.326969110978,26921.277179682267,2
2023-06-28,17201.326969110978,27046.227207148087,2
2023-06-30,22709.833111131768,27103.583111131768,1
2023-07-03,22709.833111131768,27105.58323320208,1
2023-07-04,18006.599204655882,27220.849326726195,2
2023-07-05,9026.384259702885,27438.456403257573,4
2023-07-06,3818.5991424158738,27412.855612142437,5
2023-07-07,5741.575693098326,27163.529855695982,5
2023-07-10,13201.211145045056,27017.450036646616,3
2023-07-11,13201.211145045056,27087.10152590443,3
2023-07-12,13201.211145045056,27071.72957766224,3
2023-07-13,13201.211145045056,27121.363000513804,3
2023-07-14,7863.081146360281,27315.407104612234,4
2023-07-17,13459.910674885134,27411.556670978884,3
2023-07-18,13459.910674885134,27401.190093830446,3
2023-07-19,13459.910674885134,27563.364410236696,3
2023-07-20,8128.116192812111,27868.17136859336,4
2023-07-21,8771.049969415732,28046.960064630577,4
2023-07-24,8771.049969415732,27952.35014031417,4
2023-07-25,13961.182981261987,27748.93261505105,3
2023-07-26,13961.182981261987,27813.482785949487,3
2023-07-27,19286.169975853696,27871.72002468182,2
2023-07-28,19286.169975853696,27779.769951439634,2
2023-07-31,19286.169975853696,27765.370171166196,2
2023-08-01,13756.842442207937,27881.792515450124,3
2023-08-02,18321.03519632164,27640.83536722008,2
2023-08-03,18321.03519632164,27568.535318391954,2
2023-08-04,18321.03519632164,27676.43509866539,2
2023-08-07,22195.10210169137,27785.90202844918,1
2023-08-08,22195.10210169137,27721.10210169137,1
2023-08-09,22195.10210169137,27829.10210169137,1
2023-08-10,17236.737737280768,27863.337590796393,2
2023-08-11,12588.897201752448,27836.19700643995,3
2023-08-14,17382.392428292736,27679.99228180836,2
2023-08-16,17382.392428292736,27684.192599191174,2
2023-08-17,17382.392428292736,27664.392306222424,2
2023-08-18,17382.392428292736,27535.99215973805,2
2023-08-21,17382.392428292736,27621.79257477711,2
2023-08-22,17382.392428292736,27638.392428292736,2
2023-08-23,17382.392428292736,27653.99228180836,2
2023-08-24,17382.392428292736,27569.392428292736,2
2023-08-25,17382.392428292736,27462.99215973805,2
2023-08-28,17382.392428292736,27474.99215973805,2
2023-08-29,17382.392428292736,27531.39255036305,2
2023-08-30,17382.392428292736,27554.392428292736,2
2023-08-31,11967.858609608484,27585.258847645593,3
2023-09-01,142.10952822833133,28521.20964114337,6
2023-09-04,11458.162652462197,29379.91262194462,4
2023-09-05,11458.162652462197,29364.73813769169,4
2023-09-06,12133.411727114562,29580.21159283722,4
2023-09-07,11633.147425943342,29746.922404581037,4
2023-09-08,17431.072275426293,29783.12211063137,3
2023-09-11,17431.072275426293,29931.697229649926,3
2023-09-12,13933.171596532997,30008.22164536112,4
2023-09-13,13933.171596532997,30168.371822363075,4
2023-09-14,15425.282562770397,30184.707703151256,3
2023-09-15,4737.352977394763,30491.85300791234,5
2023-09-18,6872.871041594266,30468.396172819852,5
2023-09-20,12442.658750984509,30135.109053108532,4
2023-09-21,15410.774061594817,30012.899275217864,3
2023-09-22,15410.774061594817,29930.673963938567,3
2023-09-25,15489.66543332143,30131.06031552358,3
2023-09-26,12078.861631070127,30220.316419278133,4
2023-09-27,12078.861631070127,30245.421582852352,4
2023-09-28,17575.507306938198,29969.807477836635,3
2023-09-29,17575.507306938198,30018.58244121554,3
2023-10-03,20879.315717584694,29970.48588360032,2
2023-10-04,20879.315717584694,29914.90092266282,2
2023-10-05,20879.315717584694,29964.296003229225,2
2023-10-06,26528.65471099179,30150.05461333554,1
2023-10-09,30182.400920471853,30182.400920471853,0
2023-10-10,30182.400920471853,30182.400920471853,0
2023-10-11,30182.400920471853,30182.400920471853,0
2023-10-12,24223.302988354844,30204.918833081407,1
2023-10-13,18872.77707875904,30277.12070668873,2
2023-10-16,18872.77707875904,30222.02646840748,2
2023-10-17,18872.77707875904,30219.76767934498,2
2023-10-18,18872.77707875904,30090.84055532154,2
2023-10-19,19341.806148167605,30196.80639230823,2
2023-10-20,19341.806148167605,30224.806026097292,2
2023-10-23,19341.806148167605,30045.80590402698,2
2023-10-25,19341.806148167605,30029.105952855105,2
2023-10-26,19341.806148167605,29883.25609933948,2
2023-10-27,19341.806148167605,30061.95580637073,2
2023-10-30,19341.806148167605,30012.005977269167,2
2023-10-31,19341.806148167605,30058.855952855105,2
2023-11-01,19341.806148167605,30105.05639230823,2
2023-11-02,19341.806148167605,30127.706050511355,2
2023-11-03,19341.806148167605,30192.956416722292,2
2023-11-06,19341.806148167605,30260.55639230823,2
2023-11-07,19341.806148167605,30293.106074925417,2
2023-11-08,19341.806148167605,30237.206172581667,2
2023-11-09,19341.806148167605,30177.80590402698,2
2023-11-10,19341.806148167605,30210.056026097292,2
2023-11-13,19341.806148167605,30266.306270237917,2
2023-11-15,19341.806148167605,30456.10619699573,2
2023-11-16,14197.928642601575,30513.328667015638,3
2023-11-17,14197.928642601575,30651.12859377345,3
2023-11-20,14197.928642601575,30734.7784961172,3
2023-11-21,14197.928642601575,30756.478813500013,3
2023-11-22,19882.038590433032,30770.338395120532,2
2023-11-23,19882.038590433032,30796.038590433032,2
2023-11-24,19882.038590433032,30680.038834573657,2
2023-11-28,15037.866859869464,30921.766884283526,3
2023-11-29,8858.442665112092,31105.717323315217,4
2023-11-30,234.5451077087787,31366.570040570106,6
2023-12-01,234.5451077087787,31344.869402752724,6
2023-12-04,2102.1502265332256,31928.225513398458,6
2023-12-05,105.01268950258236,32173.73816862856,7
2023-12-06,105.01268950258236,32477.58794585024,7
2023-12-07,1464.258518531393,32443.633884742332,6
2023-12-08,13421.960022383675,32714.410217696175,4
2023-12-11,6976.086348649895,32957.58659279052,5
2023-12-12,13073.657001000522,32768.75728176224,4
2023-12-13,13073.657001000522,32964.10646389115,4
2023-12-14,13073.657001000522,33027.80775783646,4
2023-12-15,16276.97341239842,33389.6229943076,3
2023-12-18,20048.49007020062,33413.94023499554,2
2023-12-19,13366.217610608071,33350.117482434245,3
2023-12-20,25996.11645444741,32830.21636899819,1
2023-12-21,25996.11645444741,32851.21636899819,1
2023-12-22,25996.11645444741,32945.71636899819,1
2023-12-26,33038.75173927363,33038.75173927363,0
2023-12-27,33038.75173927363,33038.75173927363,0
2023-12-28,33038.75173927363,33038.75173927363,0
2023-12-29,33038.75173927363,33038.75173927363,0
2024-01-01,33038.75173927363,33038.75173927363,0
2024-01-02,33038.75173927363,33038.75173927363,0
2024-01-03,33038.75173927363,33038.75173927363,0
2024-01-04,33038.75173927363,33038.75173927363,0
2024-01-05,33038.75173927363,33038.75173927363,0
2024-01-08,33038.75173927363,33038.75173927363,0
2024-01-09,33038.75173927363,33038.75173927363,0
2024-01-10,33038.75173927363,33038.75173927363,0
2024-01-11,33038.75173927363,33038.75173927363,0
2024-01-12,18058.280686533446,33336.48112598657,3
2024-01-15,23585.5925670861,33842.19242060173,2
2024-01-16,23585.5925670861,33668.69242060173,2
2024-01-17,23585.5925670861,33773.7927623986,2
2024-01-18,23585.5925670861,33758.39286005485,2
2024-01-19,23585.5925670861,33800.44242060173,2
2024-01-23,23585.5925670861,33538.44266474235,2
2024-01-24,23585.5925670861,33732.99271357048,2
2024-01-25,23585.5925670861,33596.89261591423,2
2024-01-29,23585.5925670861,33684.7927623986,2
2024-01-30,23585.5925670861,33623.34281122673,2
2024-01-31,23585.5925670861,33705.54251825798,2
2024-02-01,23585.5925670861,33749.3425670861,2
2024-02-02,23585.5925670861,33886.89261591423,2
2024-02-05,23585.5925670861,33780.29251825798,2
2024-02-06,27690.29154223781,34185.291542237814,1
2024-02-07,34176.875498220936,34176.875498220936,0
2024-02-08,34176.875498220936,34176.875498220936,0
2024-02-09,34176.875498220936,34176.875498220936,0
2024-02-12,34176.875498220936,34176.875498220936,0
2024-02-13,34176.875498220936,34176.875498220936,0
2024-02-14,34176.875498220936,34176.875498220936,0
2024-02-15,34176.875498220936,34176.875498220936,0
2024-02-16,34176.875498220936,34176.875498220936,0
2024-02-19,34176.875498220936,34176.875498220936,0
2024-02-20,34176.875498220936,34176.875498220936,0
2024-02-21,34176.875498220936,34176.875498220936,0
2024-02-22,34176.875498220936,34176.875498220936,0
2024-02-23,34176.875498220936,34176.875498220936,0
2024-02-26,34176.875498220936,34176.875498220936,0
2024-02-27,34176.875498220936,34176.875498220936,0
2024-02-28,34176.875498220936,34176.875498220936,0
2024-02-29,34176.875498220936,34176.875498220936,0
2024-03-01,34176.875498220936,34176.875498220936,0
2024-03-04,34176.875498220936,34176.875498220936,0
2024-03-05,34176.875498220936,34176.875498220936,0
2024-03-06,34176.875498220936,34176.875498220936,0
2024-03-07,34176.875498220936,34176.875498220936,0
2024-03-11,34176.875498220936,34176.875498220936,0
2024-03-12,30047.55957461623,34239.80957461623,1
2024-03-13,30047.55957461623,34196.55957461623,1
2024-03-14,30047.55957461623,34255.15967227248,1
2024-03-15,30047.55957461623,34266.80957461623,1
2024-03-18,30047.55957461623,34200.05957461623,1
2024-03-19,34044.19452479444,34044.19452479444,0
2024-03-20,34044.19452479444,34044.19452479444,0
2024-03-21,34044.19452479444,34044.19452479444,0
2024-03-22,34044.19452479444,34044.19452479444,0
2024-03-26,34044.19452479444,34044.19452479444,0
2024-03-27,34044.19452479444,34044.19452479444,0
2024-03-28,24844.675671714245,34350.825696128304,2
2024-04-01,24844.675671714245,34367.77576937049,2
2024-04-02,24844.675671714245,34426.92591585487,2
2024-04-03,24844.675671714245,34376.625500815804,2
2024-04-04,24844.675671714245,34367.77601351112,2
2024-04-05,24844.675671714245,34353.62562288612,2
2024-04-08,24844.675671714245,34473.72584261268,2
2024-04-09,24844.675671714245,34578.47584261268,2
2024-04-10,24844.675671714245,34569.675793784554,2
2024-04-12,24844.675671714245,34448.72584261268,2
2024-04-15,24844.675671714245,34290.025403159554,2
2024-04-16,24844.675671714245,34186.07557405799,2
2024-04-18,19956.429591244807,34253.229762143244,3
2024-04-19,19956.429591244807,34515.72939593231,3
2024-04-22,19956.429591244807,34596.07973772918,3
2024-04-23,25238.32776432042,34841.92749576573,2
2024-04-24,25238.32776432042,34804.87769107823,2
2024-04-25,19062.70979504875,35265.85994153313,3
2024-04-26,19062.70979504875,34950.059526494064,3
2024-04-29,19062.70979504875,35234.86006360344,3
2024-04-30,23876.706402744945,35331.706402744945,2
2024-05-02,23876.706402744945,35363.45615860432,2
2024-05-03,30536.95301894449,35418.85316542887,1
2024-05-06,30536.95301894449,35371.002945702305,1
2024-05-07,30536.95301894449,35382.40309218668,1
2024-05-08,30536.95301894449,35346.10316542887,1
2024-05-09,30536.95301894449,35230.752945702305,1
2024-05-10,30536.95301894449,35255.05287246012,1
2024-05-13,30536.95301894449,35278.60316542887,1
2024-05-14,30536.95301894449,35266.30287246012,1
2024-05-15,30536.95301894449,35244.10316542887,1
2024-05-16,30536.95301894449,35324.95301894449,1
2024-05-17,30536.95301894449,35291.20301894449,1
2024-05-21,30536.95301894449,35284.60316542887,1
2024-05-22,30536.95301894449,35288.80287246012,1
2024-05-23,30536.95301894449,35362.30287246012,1
2024-05-24,30536.95301894449,35342.05287246012,1
2024-05-27,30536.95301894449,35324.35316542887,1
2024-05-28,30536.95301894449,35335.90309218668,1
2024-05-29,30536.95301894449,35246.65309218668,1
2024-05-30,35140.097249724124,35140.097249724124,0
2024-05-31,35140.097249724124,35140.097249724124,0
2024-06-03,29950.04211474247,35383.942261226846,1
2024-06-04,34940.26988661185,34940.26988661185,0
2024-06-05,34940.26988661185,34940.26988661185,0
2024-06-06,34940.26988661185,34940.26988661185,0
2024-06-07,34940.26988661185,34940.26988661185,0
2024-06-10,34940.26988661185,34940.26988661185,0
2024-06-11,34940.26988661185,34940.26988661185,0
2024-06-12,34940.26988661185,34940.26988661185,0
2024-06-13,34940.26988661185,34940.26988661185,0
2024-06-14,34940.26988661185,34940.26988661185,0
2024-06-18,34940.26988661185,34940.26988661185,0
2024-06-19,34940.26988661185,34940.26988661185,0
2024-06-20,34940.26988661185,34940.26988661185,0
2024-06-21,34940.26988661185,34940.26988661185,0
2024-06-24,34940.26988661185,34940.26988661185,0
2024-06-25,34940.26988661185,34940.26988661185,0
2024-06-26,34940.26988661185,34940.26988661185,0
2024-06-27,34940.26988661185,34940.26988661185,0
2024-06-28,34940.26988661185,34940.26988661185,0
2024-07-01,34940.26988661185,34940.26988661185,0
2024-07-02,34940.26988661185,34940.26988661185,0
2024-07-03,34940.26988661185,34940.26988661185,0
2024-07-04,34940.26988661185,34940.26988661185,0
2024-07-05,30219.05557538796,35118.45578290749,1
2024-07-08,30219.05557538796,35304.605471628194,1
2024-07-09,30219.05557538796,35275.70578290749,1
2024-07-10,24409.154639179236,35470.60443776322,2
2024-07-11,29601.541005332274,35645.64110298852,1
2024-07-12,29601.541005332274,35599.84081001977,1
2024-07-15,29601.541005332274,35514.54100533227,1
2024-07-16,29601.541005332274,35550.44090767602,1
2024-07-18,29601.541005332274,35464.64110298852,1
2024-07-19,29601.541005332274,35493.64110298852,1
2024-07-22,29601.541005332274,35470.14110298852,1
2024-07-23,29601.541005332274,35395.74120064477,1
2024-07-24,29601.541005332274,35427.14110298852,1
2024-07-25,29601.541005332274,35404.34081001977,1
2024-07-26,23572.370276163103,35772.6700808506,2
2024-07-29,23572.370276163103,35697.56998319435,2
2024-07-30,23572.370276163103,35698.0704714756,2
2024-07-31,29732.14223936543,35909.34243467793,1
2024-08-01,29732.14223936543,35916.94204405293,1
2024-08-02,29732.14223936543,35847.34243467793,1
2024-08-05,29732.14223936543,35792.34243467793,1
2024-08-06,29732.14223936543,35859.74233702168,1
2024-08-07,29732.14223936543,35946.34243467793,1
2024-08-08,29732.14223936543,36011.94204405293,1
2024-08-09,29732.14223936543,36031.14223936543,1
2024-08-12,29732.14223936543,36077.14223936543,1
2024-08-13,29732.14223936543,36065.94204405293,1
2024-08-14,29732.14223936543,35987.34243467793,1
2024-08-16,29732.14223936543,36036.54214170918,1
2024-08-19,29732.14223936543,36034.14223936543,1
2024-08-20,29732.14223936543,35983.54214170918,1
2024-08-21,29732.14223936543,36110.54214170918,1
2024-08-22,29732.14223936543,36075.34243467793,1
2024-08-23,29732.14223936543,36030.34243467793,1
2024-08-26,29732.14223936543,36107.94204405293,1
2024-08-27,29732.14223936543,36124.34243467793,1
2024-08-28,36205.24411237333,36205.24411237333,0
2024-08-29,36205.24411237333,36205.24411237333,0
2024-08-30,29734.32819437485,36353.9282920311,1
2024-09-02,29734.32819437485,36320.9282920311,1
2024-09-03,29734.32819437485,36347.12799906235,1
2024-09-04,23412.664052193984,36483.563954537734,2
2024-09-05,23412.664052193984,36400.164052193984,2
2024-09-06,23412.664052193984,36404.264149850234,2
2024-09-09,17696.821687622207,36582.52188293471,3
2024-09-10,17696.821687622207,36612.12198059096,3
2024-09-11,24415.9606106318,36737.660317663045,2
2024-09-12,18387.1405707036,37038.1903753911,3
2024-09-13,12505.418710269223,37199.818246402036,4
2024-09-16,12505.418710269223,37011.11927179266,4
2024-09-17,12505.418710269223,37121.56897882391,4
2024-09-18,12505.418710269223,36906.41907648016,4
2024-09-19,12505.418710269223,36881.068246402036,4
2024-09-20,694.2945196375059,37357.29412290899,7
2024-09-23,694.2945196375059,37600.75515196173,7
2024-09-24,694.2945196375059,37340.954736922664,7
2024-09-25,694.2945196375059,37232.204218123836,7
2024-09-26,694.2945196375059,37365.13500425665,7
2024-09-27,694.2945196375059,37367.90389463751,7
2024-09-30,694.2945196375059,37272.00481626837,7
2024-10-01,7061.397617678853,37405.06766162417,6
2024-10-03,18612.35315758308,36856.903816762766,3
2024-10-04,18612.35315758308,36672.103218618235,3
2024-10-07,18612.35315758308,36623.70319420417,3
2024-10-08,18612.35315758308,36609.20319420417,3
2024-10-09,24170.090669773926,36734.740938328614,2
2024-10-10,24170.090669773926,36420.69076743018,2
2024-10-11,30449.78869295596,36261.08855867862,1
2024-10-14,30449.78869295596,36494.83855867862,1
2024-10-15,30449.78869295596,36312.238827233305,1
2024-10-16,30449.78869295596,36303.43896151065,1
2024-10-17,30449.78869295596,36266.03869295596,1
2024-10-18,30449.78869295596,36484.93896151065,1
2024-10-21,30449.78869295596,36478.88842440127,1
2024-10-22,30449.78869295596,36449.738827233305,1
2024-10-23,30449.78869295596,36468.988827233305,1
2024-10-24,30449.78869295596,36465.68896151065,1
2024-10-25,30449.78869295596,36427.738827233305,1
2024-10-28,30449.78869295596,36594.38842440127,1
2024-10-29,30449.78869295596,36633.988827233305,1
2024-10-30,30449.78869295596,36667.53869295596,1
2024-10-31,30449.78869295596,36519.58855867862,1
2024-11-01,30449.78869295596,36514.63842440127,1
2024-11-04,30449.78869295596,36398.58855867862,1
2024-11-05,30449.78869295596,36430.488827233305,1
2024-11-06,30449.78869295596,36652.68896151065,1
2024-11-07,30449.78869295596,36647.18896151065,1
2024-11-08,30449.78869295596,36708.78869295596,1
2024-11-11,36828.53995513472,36828.53995513472,0
2024-11-12,36828.53995513472,36828.53995513472,0
2024-11-13,36828.53995513472,36828.53995513472,0
2024-11-14,36828.53995513472,36828.53995513472,0
2024-11-18,36828.53995513472,36828.53995513472,0
2024-11-19,36828.53995513472,36828.53995513472,0
2024-11-21,36828.53995513472,36828.53995513472,0
2024-11-22,36828.53995513472,36828.53995513472,0
2024-11-25,36828.53995513472,36828.53995513472,0
2024-11-26,36828.53995513472,36828.53995513472,0
2024-11-27,36828.53995513472,36828.53995513472,0
2024-11-28,36828.53995513472,36828.53995513472,0
2024-11-29,36828.53995513472,36828.53995513472,0
2024-12-02,36828.53995513472,36828.53995513472,0
2024-12-03,36828.53995513472,36828.53995513472,0
2024-12-04,36828.53995513472,36828.53995513472,0
2024-12-05,36828.53995513472,36828.53995513472,0
2024-12-06,36828.53995513472,36828.53995513472,0
2024-12-09,36828.53995513472,36828.53995513472,0
2024-12-10,36828.53995513472,36828.53995513472,0
2024-12-11,36828.53995513472,36828.53995513472,0
2024-12-12,36828.53995513472,36828.53995513472,0
2024-12-13,36828.53995513472,36828.53995513472,0
2024-12-16,36828.53995513472,36828.53995513472,0
2024-12-17,36828.53995513472,36828.53995513472,0
2024-12-18,36828.53995513472,36828.53995513472,0
2024-12-19,36828.53995513472,36828.53995513472,0
2024-12-20,36828.53995513472,36828.53995513472,0
2024-12-23,36828.53995513472,36828.53995513472,0
2024-12-24,36828.53995513472,36828.53995513472,0
2024-12-26,36828.53995513472,36828.53995513472,0
2024-12-27,36828.53995513472,36828.53995513472,0
2024-12-30,31232.950496432666,36884.65056967485,1
2024-12-31,31232.950496432666,36892.000423190475,1
2025-01-01,31232.950496432666,36902.80034994829,1
2025-01-02,20746.260288146892,37599.72024908439,3
2025-01-03,26076.156363633676,37550.90624156337,2
2025-01-06,26076.156363633676,37497.83641734462,2
2025-01-07,26076.156363633676,37519.51659312587,2
2025-01-08,26076.156363633676,37473.72618785243,2
2025-01-09,31507.4190113394,37329.3789722769,1
2025-01-10,31507.4190113394,37337.85895274565,1
2025-01-13,31507.4190113394,37228.1787769644,1
2025-01-14,31507.4190113394,37375.4190113394,1
2025-01-15,31507.4190113394,37249.3389332144,1
2025-01-16,31507.4190113394,37315.2188160269,1
2025-01-17,31507.4190113394,37253.09918712065,1
2025-01-20,31507.4190113394,37459.4990894644,1
2025-01-21,31507.4190113394,37340.73883555815,1
2025-01-22,31507.4190113394,37425.13922618315,1
2025-01-23,31507.4190113394,37462.01910899565,1
2025-01-24,31507.4190113394,37458.2988941519,1
2025-01-27,31507.4190113394,37343.77887462065,1
2025-01-28,37570.92464145938,37570.92464145938,0
2025-01-29,37570.92464145938,37570.92464145938,0
2025-01-30,37570.92464145938,37570.92464145938,0
2025-01-31,37570.92464145938,37570.92464145938,0
2025-02-01,37570.92464145938,37570.92464145938,0
2025-02-03,37570.92464145938,37570.92464145938,0
2025-02-04,37570.92464145938,37570.92464145938,0
2025-02-05,37570.92464145938,37570.92464145938,0
2025-02-06,37570.92464145938,37570.92464145938,0
2025-02-07,37570.92464145938,37570.92464145938,0
2025-02-10,37570.92464145938,37570.92464145938,0
2025-02-11,37570.92464145938,37570.92464145938,0
2025-02-12,37570.92464145938,37570.92464145938,0
2025-02-13,37570.92464145938,37570.92464145938,0
2025-02-14,37570.92464145938,37570.92464145938,0
2025-02-17,37570.92464145938,37570.92464145938,0
2025-02-18,37570.92464145938,37570.92464145938,0
2025-02-19,37570.92464145938,37570.92464145938,0
2025-02-20,37570.92464145938,37570.92464145938,0
2025-02-21,37570.92464145938,37570.92464145938,0
2025-02-24,37570.92464145938,37570.92464145938,0
2025-02-25,37570.92464145938,37570.92464145938,0
2025-02-27,37570.92464145938,37570.92464145938,0
2025-02-28,37570.92464145938,37570.92464145938,0
2025-03-03,37570.92464145938,37570.92464145938,0
2025-03-04,37570.92464145938,37570.92464145938,0
2025-03-05,37570.92464145938,37570.92464145938,0
2025-03-06,37570.92464145938,37570.92464145938,0
2025-03-07,37570.92464145938,37570.92464145938,0
2025-03-10,37570.92464145938,37570.92464145938,0
2025-03-11,37570.92464145938,37570.92464145938,0
2025-03-12,37570.92464145938,37570.92464145938,0
2025-03-13,37570.92464145938,37570.92464145938,0
2025-03-17,37570.92464145938,37570.92464145938,0
2025-03-18,37570.92464145938,37570.92464145938,0
2025-03-19,37570.92464145938,37570.92464145938,0
2025-03-20,37570.92464145938,37570.92464145938,0
2025-03-21,37570.92464145938,37570.92464145938,0
2025-03-24,37570.92464145938,37570.92464145938,0
2025-03-25,37570.92464145938,37570.92464145938,0
2025-03-26,37570.92464145938,37570.92464145938,0
2025-03-27,37570.92464145938,37570.92464145938,0
2025-03-28,37570.92464145938,37570.92464145938,0
2025-04-01,37570.92464145938,37570.92464145938,0
2025-04-02,37570.92464145938,37570.92464145938,0
2025-04-03,37570.92464145938,37570.92464145938,0
2025-04-04,37570.92464145938,37570.92464145938,0
2025-04-07,37570.92464145938,37570.92464145938,0
2025-04-08,37570.92464145938,37570.92464145938,0
2025-04-09,37570.92464145938,37570.92464145938,0
2025-04-11,37570.92464145938,37570.92464145938,0
2025-04-15,37570.92464145938,37570.92464145938,0
2025-04-16,37570.92464145938,37570.92464145938,0
2025-04-17,37570.92464145938,37570.92464145938,0
2025-04-21,37570.92464145938,37570.92464145938,0
2025-04-22,37570.92464145938,37570.92464145938,0
2025-04-23,37570.92464145938,37570.92464145938,0
2025-04-24,37570.92464145938,37570.92464145938,0
2025-04-25,37570.92464145938,37570.92464145938,0
2025-04-28,37570.92464145938,37570.92464145938,0
2025-04-29,37570.92464145938,37570.92464145938,0
2025-04-30,37570.92464145938,37570.92464145938,0
2025-05-02,37570.92464145938,37570.92464145938,0
2025-05-05,37570.92464145938,37570.92464145938,0
2025-05-06,37570.92464145938,37570.92464145938,0
2025-05-07,37570.92464145938,37570.92464145938,0
2025-05-08,37570.92464145938,37570.92464145938,0
2025-05-09,30861.606558060957,37815.80650923283,2
2025-05-12,30861.606558060957,38011.70641157658,2
2025-05-13,30861.606558060957,37991.80650923283,2
2025-05-14,30861.606558060957,38022.30675337346,2
2025-05-15,28992.872208050772,38279.27235453515,2
2025-05-16,28992.872208050772,38234.9720615664,2
2025-05-19,28992.872208050772,38064.57215922265,2
2025-05-20,28992.872208050772,38015.07240336327,2
2025-05-21,28992.872208050772,37987.17201273827,2
2025-05-22,34280.54885690995,37821.54885690995,1
2025-05-23,34280.54885690995,37860.24880808182,1
2025-05-26,34280.54885690995,37890.84890573807,1
2025-05-27,34280.54885690995,37869.9487592537,1
2025-05-28,34280.54885690995,37855.24880808182,1
2025-05-29,34280.54885690995,37868.84890573807,1
2025-05-30,34280.54885690995,37835.54885690995,1
2025-06-02,34280.54885690995,37806.04885690995,1
2025-06-03,34280.54885690995,37800.34890573807,1
2025-06-04,34280.54885690995,37780.34890573807,1
2025-06-05,27948.868061576366,37905.86793950605,2
2025-06-06,21676.787563039605,38401.2377583521,3
2025-06-09,28436.758947885322,38566.158728158756,2
2025-06-10,30009.585563712943,38759.98571019732,2
2025-06-11,23294.25734169099,38885.85743934724,3
2025-06-12,23294.25734169099,38639.15699989411,3
2025-06-13,28264.46901425664,38467.56911191289,2
2025-06-16,28264.46901425664,38594.56911191289,2
2025-06-17,28264.46901425664,38588.568867772265,2
2025-06-18,28264.46901425664,38595.869160741015,2
2025-06-19,28264.46901425664,38625.46901425664,2
2025-06-20,14521.28536178928,39115.48506882053,4
2025-06-23,14521.28536178928,38854.98531296116,4
2025-06-24,14521.28536178928,38849.08565475803,4
2025-06-25,14521.28536178928,39335.28511764866,4
2025-06-26,12483.055624506136,39759.75594188895,4
2025-06-27,7458.579735236728,39702.530479865636,5
2025-06-30,13996.940623816798,39515.590282019926,4
2025-07-01,6509.309588671498,39547.65974736291,5
2025-07-02,6509.309588671498,39252.00953984338,5
2025-07-03,6509.309588671498,39399.95955205041,5
2025-07-04,6509.309588671498,39391.45985722619,5
2025-07-07,6509.309588671498,39369.90974736291,5
2025-07-08,6509.309588671498,39329.20930790978,5
2025-07-09,6509.309588671498,39110.609515429314,5
2025-07-10,6509.309588671498,38986.70888066369,5
2025-07-11,20286.645181616368,38529.094766577306,3
2025-07-14,20286.645181616368,38616.94523044449,3
2025-07-15,16003.620256178732,38985.070451491236,4
2025-07-16,16003.620256178732,39086.67042707717,4
2025-07-17,16003.620256178732,38981.97029279983,4
2025-07-18,16003.620256178732,38856.32026838577,4
2025-07-21,16003.620256178732,39059.7702805928,4
2025-07-22,16003.620256178732,38944.470048659205,4
2025-07-23,16003.620256178732,39096.8708665303,4
2025-07-24,16003.620256178732,38964.41993879592,4
2025-07-25,16003.620256178732,38685.420243971705,4
2025-07-28,20816.86102891799,38557.31122423049,3
2025-07-29,20816.86102891799,38616.46094346877,3
2025-07-30,20816.86102891799,38576.26080919143,3
2025-07-31,20816.86102891799,38547.461248644555,3
2025-08-01,20816.86102891799,38489.761053332055,3
2025-08-04,20816.86102891799,38725.16083360549,3
2025-08-05,20816.86102891799,38709.66065050002,3
2025-08-06,20816.86102891799,38695.31110216018,3
2025-08-07,25432.2796625107,38838.37994327242,2
2025-08-08,25432.2796625107,38629.32965030367,2
2025-08-11,25432.2796625107,38789.27947940523,2
2025-08-12,25432.2796625107,38799.92974795992,2
2025-08-13,25432.2796625107,38927.72973575289,2
2025-08-14,25432.2796625107,38931.92938174898,2
2025-08-18,32171.773549598365,39184.37346414915,1
2025-08-19,32171.773549598365,39140.62346414915,1
2025-08-20,32171.773549598365,39130.47337869993,1
2025-08-21,32171.773549598365,39140.97337869993,1
2025-08-22,32171.773549598365,39047.87346414915,1
2025-08-25,32171.773549598365,39046.12346414915,1
2025-08-26,38957.18277513254,38957.18277513254,0
2025-08-28,38957.18277513254,38957.18277513254,0
2025-08-29,38957.18277513254,38957.18277513254,0
2025-09-01,38957.18277513254,38957.18277513254,0
2025-09-02,38957.18277513254,38957.18277513254,0
2025-09-03,38957.18277513254,38957.18277513254,0
2025-09-04,38957.18277513254,38957.18277513254,0
2025-09-05,38957.18277513254,38957.18277513254,0
2025-09-08,31383.707097835068,39093.507268733505,1
2025-09-09,31383.707097835068,39115.20709783507,1
2025-09-10,31383.707097835068,39092.10675603819,1
2025-09-11,31383.707097835068,39076.70709783507,1
2025-09-12,31383.707097835068,39076.70709783507,1
2025-09-15,31383.707097835068,39090.007268733505,1
2025-09-16,24163.727765033414,39305.72752089279,2
2025-09-17,10012.556125786388,39692.7066384817,4
2025-09-18,10012.556125786388,39697.20602813014,4
2025-09-19,2278.7099406730913,39860.660258055905,5
2025-09-22,2278.7099406730913,39689.35959887622,5
2025-09-23,10112.942118776133,39922.74228967457,4
2025-09-24,18198.63915733522,40111.23901085084,3
2025-09-25,18198.63915733522,40035.038571397716,3
2025-09-26,18198.63915733522,40038.039059678966,3
2025-09-29,18198.63915733522,39922.83862022584,3
2025-09-30,25747.74875556953,39841.549048538276,2
2025-10-01,25747.74875556953,39957.149146194526,2
2025-10-03,25747.74875556953,40038.948950882026,2
2025-10-06,25747.74875556953,40074.34860908515,2
2025-10-07,25747.74875556953,39927.148657913276,2
2025-10-08,25747.74875556953,39928.548560257026,2
2025-10-09,25747.74875556953,39994.148657913276,2
2025-10-10,25747.74875556953,40074.748755569526,2
2025-10-13,25747.74875556953,39988.748755569526,2
2025-10-14,25747.74875556953,39949.74899971015,2
2025-10-15,33333.497960756096,40018.697667787346,1
2025-10-16,26051.213328581336,40344.51362155008,2
2025-10-17,18187.948629465536,40482.44875153585,3
2025-10-20,3012.3486050573356,40945.24887361202,5
2025-10-21,3012.3486050573356,41083.44809236202,5
2025-10-23,10116.805717429343,40818.30559535903,4
2025-10-24,1989.596008316772,40396.596130387086,5
2025-10-27,9065.741595162626,40660.24122895169,4
2025-10-28,1071.5056834201332,40897.95569562716,5
2025-10-29,362.10897566205324,41263.20870710737,6
2025-10-30,8103.028585857759,40966.12859196127,5
2025-10-31,15774.442648480575,40632.84233720128,4
2025-11-03,8773.832886331362,40805.08265744953,5
2025-11-04,8773.832886331362,40328.53297483234,5
2025-11-06,16623.6070738048,39957.00726606554,4
2025-11-07,16623.6070738048,39926.40657331652,4
2025-11-10,16623.6070738048,39843.556857129995,4
2025-11-11,23409.476720400264,39775.62651593249,3
2025-11-12,31717.596248231002,39755.04627569682,1
2025-11-13,31717.596248231002,39666.845973572796,1
2025-11-14,39474.394945838256,39474.394945838256,0
2025-11-17,39474.394945838256,39474.394945838256,0
2025-11-18,39474.394945838256,39474.394945838256,0
2025-11-19,39474.394945838256,39474.394945838256,0
2025-11-20,39474.394945838256,39474.394945838256,0
2025-11-21,39474.394945838256,39474.394945838256,0
2025-11-24,39474.394945838256,39474.394945838256,0
2025-11-25,39474.394945838256,39474.394945838256,0
2025-11-26,39474.394945838256,39474.394945838256,0
2025-11-27,39474.394945838256,39474.394945838256,0
2025-11-28,39474.394945838256,39474.394945838256,0
2025-12-01,39474.394945838256,39474.394945838256,0
2025-12-02,39474.394945838256,39474.394945838256,0
2025-12-03,23978.053814090974,39557.64359680582,2
2025-12-04,23978.053814090974,39608.48344055582,2
2025-12-05,23978.053814090974,39686.46363464762,2
2025-12-08,23978.053814090974,39679.833965458165,2
2025-12-09,31498.376187817754,39478.086301343144,1
2025-12-10,31498.376187817754,39495.756528393926,1
2025-12-11,31498.376187817754,39535.126187817754,1
2025-12-12,31498.376187817754,39576.97637702674,1
2025-12-15,31498.376187817754,39612.31588508338,1
2025-12-16,31498.376187817754,39534.19622565955,1
2025-12-17,31498.376187817754,39593.716641919316,1
2025-12-18,31498.376187817754,39677.72637702674,1
2025-12-19,39744.53952869563,39744.53952869563,0
2025-12-22,33077.292415661905,39835.692318005655,1
2025-12-23,25315.19813882233,39996.398212064516,2
2025-12-24,33451.02073007758,40104.62082773383,1
2025-12-26,33451.02073007758,40075.42063242133,1
2025-12-29,26395.11798605571,40145.11749777446,2
2025-12-30,32883.34026706113,39957.34026706113,1
