trade_id,signal_id,symbol,entry_date,exit_date,entry_price,exit_price,quantity,exit_reason,gross_pnl,fees,net_pnl,r_frictionless,r_price_mult,r_net,holding_sessions,mfe_r,mae_r,gap_pct
HUL.NS_2021-03-19_2021-03-30,derived,HUL.NS,2021-03-19,2021-03-30,2205.202147705078,2383.1565696523444,1,TARGET,177.95442194726638,23.20009258062438,154.754329366642,2.980035774111705,2.980035774111705,2.591525586523044,0,0.0,0.0,0.0
ASIANPAINT.NS_2021-05-14_2021-05-25,derived,ASIANPAINT.NS,2021-05-14,2021-05-25,2621.31,2913.597020702361,1,TARGET,292.28702070236113,24.246139038145394,268.04088166421576,2.985114338795093,2.985114338795093,2.7374895994917012,0,0.0,0.0,0.0
RELIANCE.NS_2021-05-28_2021-05-31,derived,RELIANCE.NS,2021-05-28,2021-05-31,918.8438969421386,991.6507244354354,4,TARGET,291.2273099731874,26.59386697282393,264.63344300036346,2.9796976630032748,2.9796976630032748,2.7076020162164434,0,0.0,0.0,0.0
INFY.NS_2021-05-27_2021-06-02,derived,INFY.NS,2021-05-27,2021-06-02,1404.902051147461,1374.3432333913224,2,STOP,-61.11763551227705,24.298920610955985,-85.41655612323304,-1.0230159155967313,-1.0230159155967313,-1.4297427516150525,0,0.0,0.0,0.0
TECHM.NS_2021-05-27_2021-06-15,derived,TECHM.NS,2021-05-27,2021-06-15,1007.5034999999999,1091.54541681657,3,TARGET,252.12575044971015,25.098420346545325,227.02733010316484,2.980633920661052,2.980633920661052,2.6839200669333496,0,0.0,0.0,0.0
TCS.NS_2021-05-27_2021-06-24,derived,TCS.NS,2021-05-27,2021-06-24,3163.530926147461,3369.4387087241703,1,TARGET,205.90778257670945,25.36463489220948,180.54314768449996,2.975641384778971,2.975641384778971,2.6090886670984275,0,0.0,0.0,0.0
BAJAJFINSV.NS_2021-05-26_2021-07-09,derived,BAJAJFINSV.NS,2021-05-26,2021-07-09,1140.57,1259.9607741418467,2,TARGET,238.7815482836936,23.432518935499253,215.34902934819436,2.9842453778356726,2.9842453778356726,2.691390310821745,0,0.0,0.0,0.0
LT.NS_2021-07-14_2021-07-15,derived,LT.NS,2021-07-14,2021-07-15,1514.306823852539,1614.7583003574312,2,TARGET,200.90295300978414,25.0587908061878,175.84416220359634,2.9760678763013946,2.9760678763013946,2.604860478799277,0,0.0,0.0,0.0
WIPRO.NS_2021-07-14_2021-07-15,derived,WIPRO.NS,2021-07-14,2021-07-15,263.2565625,285.6342659281009,14,TARGET,313.2878479934128,26.639557238566404,286.6482907548464,2.9809656099779165,2.9809656099779165,2.727487524243565,0,0.0,0.0,0.0
HCLTECH.NS_2021-07-15_2021-07-20,derived,HCLTECH.NS,2021-07-15,2021-07-20,993.4965,969.1689933480297,4,STOP,-97.3100266078809,26.855517406861726,-124.16554401474262,-1.0203344135549606,-1.0203344135549606,-1.3019252172905553,0,0.0,0.0,0.0
HUL.NS_2021-06-18_2021-07-23,derived,HUL.NS,2021-06-18,2021-07-23,2421.21,2369.6096160921225,1,STOP,-51.600383907877585,23.442886265372145,-75.04327017324974,-1.023512800288562,-1.023512800288562,-1.4885111656331707,0,0.0,0.0,0.0
SBIN.NS_2021-07-29_2021-08-04,derived,SBIN.NS,2021-07-29,2021-08-04,426.21299999999997,460.60180811790474,9,TARGET,309.49927306114296,26.970597535366583,282.52867552577635,2.980032818420422,2.980032818420422,2.720344758436115,0,0.0,0.0,0.0
ASIANPAINT.NS_2021-07-20_2021-09-01,derived,ASIANPAINT.NS,2021-07-20,2021-09-01,2997.498,3228.435023803711,1,GAP_TARGET,230.93702380371087,25.02066487594424,205.91635892776662,3.183694226113044,3.183694226113044,2.8387597284434105,0,0.0,0.0,0.0
KOTAKBANK.NS_2021-09-08_2021-09-15,derived,KOTAKBANK.NS,2021-09-08,2021-09-15,352.1959990081787,378.85697750248994,12,TARGET,319.9317419317347,27.85146529323613,292.08027663849856,2.978824613538488,2.978824613538488,2.7195048291442676,0,0.0,0.0,0.0
INDUSINDBK.NS_2021-09-14_2021-09-16,derived,INDUSINDBK.NS,2021-09-14,2021-09-16,999.4994999999999,1087.3350231982834,3,TARGET,263.50656959485036,25.056739832437295,238.44982976241306,2.981536225786591,2.981536225786591,2.698023076094016,0,0.0,0.0,0.0
ITC.NS_2021-09-16_2021-09-17,derived,ITC.NS,2021-09-16,2021-09-17,209.00891695404053,224.24707330322266,21,GAP_TARGET,320.0012833328248,28.21439185396844,291.7868914788564,3.018005907523603,3.018005907523603,2.7519094706418197,0,0.0,0.0,0.0
NTPC.NS_2021-09-15_2021-09-22,derived,NTPC.NS,2021-09-15,2021-09-22,116.05799999999999,125.74966810819797,34,TARGET,329.5167156787311,27.23664046067616,302.28007521805495,2.9806532961927945,2.9806532961927945,2.7342834511938436,0,0.0,0.0,0.0
POWERGRID.NS_2021-09-28_2021-09-29,derived,POWERGRID.NS,2021-09-28,2021-09-29,132.7038156967163,143.2777181045734,32,TARGET,338.36487705142736,27.915566679167885,310.44931037225945,2.9798015563556928,2.9798015563556928,2.7339638389128953,0,0.0,0.0,0.0
ASIANPAINT.NS_2021-09-24_2021-09-30,derived,ASIANPAINT.NS,2021-09-24,2021-09-30,3331.665,3248.317997494534,1,STOP,-83.34700250546575,25.438710161404376,-108.78571266687013,-1.019884129948659,-1.019884129948659,-1.3311675114749306,0,0.0,0.0,0.0
M&M.NS_2021-09-27_2021-10-07,derived,M&M.NS,2021-09-27,2021-10-07,789.8947499999999,855.6386053065164,5,TARGET,328.7192765325824,27.24361491267002,301.4756616199124,2.980594479247834,2.980594479247834,2.73356860032768,0,0.0,0.0,0.0
ADANIPORTS.NS_2021-10-14_2021-10-25,derived,ADANIPORTS.NS,2021-10-14,2021-10-25,766.4830255737304,740.2968039779745,4,STOP,-104.74488638302364,24.824327559961127,-129.56921394298476,-1.0143451803163333,-1.0143451803163333,-1.2547429494538398,0,0.0,0.0,0.0
KOTAKBANK.NS_2021-10-21_2021-10-26,derived,KOTAKBANK.NS,2021-10-21,2021-10-26,406.40311221313476,443.60317229053646,9,TARGET,334.8005406966153,26.599599377836213,308.2009413187791,2.9822099803766933,2.9822099803766933,2.7452761015557297,0,0.0,0.0,0.0
HCLTECH.NS_2021-12-21_2021-12-24,derived,HCLTECH.NS,2021-12-21,2021-12-24,1169.4844744262696,1270.8708484926192,3,TARGET,304.15912219904885,26.2353440626405,277.9237781364084,2.9813054290092853,2.9813054290092853,2.724151959074261,0,0.0,0.0,0.0
INFY.NS_2021-12-17_2022-01-24,derived,INFY.NS,2021-12-17,2022-01-24,1820.9099999999999,1764.1175,2,GAP_STOP,-113.58499999999958,26.098422074680002,-139.68342207467958,-1.1495059039023674,-1.1495059039023674,-1.4136278412830132,0,0.0,0.0,0.0
NTPC.NS_2022-01-28_2022-02-04,derived,NTPC.NS,2022-01-28,2022-02-04,140.07,135.44354228916126,26,STOP,-120.28790048180713,26.091456581368917,-146.37935706317603,-1.0148629254663921,-1.0148629254663921,-1.2349952234763006,0,0.0,0.0,0.0
M&M.NS_2022-01-12_2022-02-08,derived,M&M.NS,2022-01-12,2022-02-08,847.2233877868651,820.4912576124068,4,STOP,-106.92852069783339,25.541730170061854,-132.47025086789523,-1.015593642382761,-1.015593642382761,-1.2581857834400005,0,0.0,0.0,0.0
NTPC.NS_2022-04-01_2022-04-05,derived,NTPC.NS,2022-04-01,2022-04-05,138.069,149.4529184684736,30,TARGET,341.5175540542083,27.68608681439183,313.83146723981645,2.9804260631891406,2.9804260631891406,2.7388093915136547,0,0.0,0.0,0.0
POWERGRID.NS_2022-04-01_2022-04-06,derived,POWERGRID.NS,2022-04-01,2022-04-06,162.1560344467163,178.69058094725276,21,TARGET,347.22547651126575,26.050183578878663,321.1752929323871,2.9838684443588415,2.9838684443588415,2.760007218702927,0,0.0,0.0,0.0
ITC.NS_2022-07-01_2022-07-11,derived,ITC.NS,2022-07-01,2022-07-11,263.48900898742676,284.73114220272373,17,TARGET,361.11626466004856,28.457949778081925,332.65831488196665,2.980017818062624,2.980017818062624,2.7451760075336793,0,0.0,0.0,0.0
ITC.NS_2022-08-02_2022-08-03,derived,ITC.NS,2022-08-02,2022-08-03,298.6529750061035,292.3998418759146,16,STOP,-100.05013008302194,28.645293572593655,-128.6954236556156,-1.0239522529949607,-1.0239522529949607,-1.3171194169658624,0,0.0,0.0,0.0
SUNPHARMA.NS_2022-07-29_2022-08-29,derived,SUNPHARMA.NS,2022-07-29,2022-08-29,897.4485,869.5804755438091,4,STOP,-111.4720978247633,25.984685510758855,-137.45678333552215,-1.0158570873254376,-1.0158570873254376,-1.2526582909730377,0,0.0,0.0,0.0
M&M.NS_2022-08-01_2022-08-30,derived,M&M.NS,2022-08-01,2022-08-30,1189.9947244262694,1313.500491024095,2,TARGET,247.01153319565128,23.661342705349576,223.3501904903017,2.9841237823711544,2.9841237823711544,2.6982732612380342,0,0.0,0.0,0.0
TITAN.NS_2022-08-26_2022-09-13,derived,TITAN.NS,2022-08-26,2022-09-13,2484.291573852539,2697.569723564602,1,TARGET,213.27814971206317,23.858709631682633,189.41944008038053,2.9811376607703455,2.9811376607703455,2.647647812342753,0,0.0,0.0,0.0
HEROMOTOCO.NS_2022-08-17_2022-09-16,derived,HEROMOTOCO.NS,2022-08-17,2022-09-16,2816.4075,2732.546411720732,1,STOP,-83.86108827926773,24.290000855166305,-108.15108913443405,-1.0165703506149022,-1.0165703506149022,-1.3110155479338739,0,0.0,0.0,0.0
CIPLA.NS_2022-08-01_2022-09-20,derived,CIPLA.NS,2022-08-01,2022-09-20,990.4949999999999,1080.3196865134632,4,TARGET,359.2987460538534,27.303260690689257,331.9954853631641,2.9820584509115275,2.9820584509115275,2.755450592759117,0,0.0,0.0,0.0
POWERGRID.NS_2022-09-14_2022-09-22,derived,POWERGRID.NS,2022-09-14,2022-09-22,168.834375,164.45389340780858,29,STOP,-127.03396617355105,28.879639449967634,-155.9136056235187,-1.01914006377886,-1.01914006377886,-1.2508292605936755,0,0.0,0.0,0.0
TATACONSUM.NS_2022-09-01_2022-09-23,derived,TATACONSUM.NS,2022-09-01,2022-09-23,810.0548494262695,785.8016235897434,5,STOP,-121.2661291826305,27.000619868084144,-148.26674905071462,-1.016475073085612,-1.016475073085612,-1.2427992514753907,0,0.0,0.0,0.0
BAJAJFINSV.NS_2022-11-04_2022-11-17,derived,BAJAJFINSV.NS,2022-11-04,2022-11-17,1723.7614744262694,1666.430143181679,2,STOP,-114.662662489181,25.66433997116659,-140.3270024603476,-1.0147551475019536,-1.0147551475019536,-1.2418824488188815,0,0.0,0.0,0.0
BRITANNIA.NS_2022-11-07_2022-11-29,derived,BRITANNIA.NS,2022-11-07,2022-11-29,3932.015073852539,4260.1112243856405,1,TARGET,328.09615053310154,27.20406329917584,300.8920872339257,2.980639504771037,2.980639504771037,2.73350004389024,0,0.0,0.0,0.0
HUL.NS_2022-11-29_2022-12-07,derived,HUL.NS,2022-11-29,2022-12-07,2528.4635511474607,2708.4296666514624,2,TARGET,359.9322310080033,29.743846558343066,330.18838444966025,2.977582979004561,2.977582979004561,2.73152340552814,0,0.0,0.0,0.0
HDFCBANK.NS_2022-11-11_2022-12-14,derived,HDFCBANK.NS,2022-11-11,2022-12-14,772.8862499999999,832.28641207752,6,TARGET,356.40097246512073,28.80513906272241,327.59583340239834,2.9791185732341336,2.9791185732341336,2.738339418809277,0,0.0,0.0,0.0
TCS.NS_2022-11-11_2022-12-19,derived,TCS.NS,2022-11-11,2022-12-19,3271.234897705078,3196.3572799753165,1,STOP,-74.87761772976137,25.31285180348896,-100.19046953325034,-1.0218205214748062,-1.0218205214748062,-1.3672534053467915,0,0.0,0.0,0.0
KOTAKBANK.NS_2022-10-21_2022-12-21,derived,KOTAKBANK.NS,2022-10-21,2022-12-21,374.18699999999995,364.17914405789173,12,STOP,-120.09427130529866,27.982245113410045,-148.0765164187087,-1.018541286697682,-1.018541286697682,-1.2558637803747397,0,0.0,0.0,0.0
RELIANCE.NS_2022-11-28_2022-12-23,derived,RELIANCE.NS,2022-11-28,2022-12-23,1204.6089614868163,1171.4071403137286,3,STOP,-99.60546351926291,26.050570758483115,-125.65603427774603,-1.0179666335450384,-1.0179666335450384,-1.2842031519044093,0,0.0,0.0,0.0
HEROMOTOCO.NS_2022-11-28_2022-12-23,derived,HEROMOTOCO.NS,2022-11-28,2022-12-23,2721.309926147461,2652.431609732629,1,STOP,-68.87831641483172,24.093659723211847,-92.97197613804356,-1.019642502070568,-1.019642502070568,-1.376313814073231,0,0.0,0.0,0.0
TATACONSUM.NS_2022-11-30_2022-12-23,derived,TATACONSUM.NS,2022-11-30,2022-12-23,805.4525127868652,785.3609307022169,1,STOP,-20.09158208464828,19.87515302786924,-39.96673511251752,-1.0199443009170452,-1.0199443009170452,-2.0289016331581244,0,0.0,0.0,0.0
TATASTEEL.NS_2022-12-01_2022-12-23,derived,TATASTEEL.NS,2022-12-01,2022-12-23,108.7543469467163,105.7002850836173,1,STOP,-3.054061863098994,18.34036925873676,-21.394431121835755,-1.0176185659528116,-1.0176185659528116,-7.128660548967082,0,0.0,0.0,0.0
LT.NS_2022-12-07_2022-12-23,derived,LT.NS,2022-12-07,2022-12-23,2097.348198852539,2050.3749670418133,2,STOP,-93.94646362145158,27.35083319693862,-121.29729681839021,-1.0223232957400623,-1.0223232957400623,-1.319954444984794,0,0.0,0.0,0.0
JSWSTEEL.NS_2022-12-27_2023-01-27,derived,JSWSTEEL.NS,2022-12-27,2023-01-27,736.2679744262695,715.6074396631683,6,STOP,-123.96320857860701,27.816365688854475,-151.7795742674615,-1.0176323996250183,-1.0176323996250183,-1.2459810789579366,0,0.0,0.0,0.0
LT.NS_2023-01-17_2023-01-30,derived,LT.NS,2023-01-17,2023-01-30,2140.9698522949216,2086.9194255377984,2,STOP,-108.10085351424641,27.530533092050664,-135.63138660629707,-1.019695372941283,-1.019695372941283,-1.279385803645156,0,0.0,0.0,0.0
M&M.NS_2023-01-09_2023-01-31,derived,M&M.NS,2023-01-09,2023-01-31,1273.5864261474608,1379.0364088243473,3,TARGET,316.34994803065956,26.943939853230347,289.4060081774292,2.980501296265413,2.980501296265413,2.7266480930043606,0,0.0,0.0,0.0
ITC.NS_2023-01-27_2023-02-01,derived,ITC.NS,2023-01-27,2023-02-01,329.2889823760986,322.55100540448836,15,STOP,-101.06965457415356,29.00274727747441,-130.07240185162797,-1.0245348159677863,-1.0245348159677863,-1.3185332912736103,0,0.0,0.0,0.0
BAJAJ-AUTO.NS_2023-01-27_2023-02-02,derived,BAJAJ-AUTO.NS,2023-01-27,2023-02-02,3851.9249999999997,3753.242369467768,1,STOP,-98.68263053223154,26.58209615633404,-125.26472668856559,-1.0193952646664972,-1.0193952646664972,-1.2939893122767891,0,0.0,0.0,0.0
UPL.NS_2023-01-31_2023-02-02,derived,UPL.NS,2023-01-31,2023-02-02,748.3739999999999,729.299306182643,6,STOP,-114.44816290414133,27.988112413753925,-142.43627531789525,-1.0194994529641745,-1.0194994529641745,-1.2688163888700932,0,0.0,0.0,0.0
BAJAJ-AUTO.NS_2023-03-21_2023-04-11,derived,BAJAJ-AUTO.NS,2023-03-21,2023-04-11,3808.40325,4084.9308668025737,1,TARGET,276.5276168025739,26.87502386166243,249.65259294091146,2.977993189374665,2.977993189374665,2.688569518242924,0,0.0,0.0,0.0
DIVISLAB.NS_2023-04-12_2023-04-13,derived,DIVISLAB.NS,2023-04-12,2023-04-13,2942.4705,3208.3449761962893,1,GAP_TARGET,265.8744761962894,24.934350398291752,240.94012579799764,3.0808928161584763,3.0808928161584763,2.791959248270746,0,0.0,0.0,0.0
POWERGRID.NS_2023-02-28_2023-04-17,derived,POWERGRID.NS,2023-02-28,2023-04-17,165.5327219467163,176.72378663938846,29,TARGET,324.54087608749296,29.135545077895962,295.405331009597,2.9764866371779326,2.9764866371779326,2.7092735771876915,0,0.0,0.0,0.0
KOTAKBANK.NS_2023-04-11_2023-05-05,derived,KOTAKBANK.NS,2023-04-11,2023-05-05,369.62472244262693,393.34745934544753,13,TARGET,308.3955797366678,29.129179148526575,279.2664005881412,2.9753207163770052,2.9753207163770052,2.6942899368643003,0,0.0,0.0,0.0
TITAN.NS_2023-05-05_2023-05-30,derived,TITAN.NS,2023-05-05,2023-05-30,2671.935397705078,2836.8510594736886,1,TARGET,164.9156617686108,24.226588985080962,140.68907278352984,2.974404602211483,2.974404602211483,2.5374559400873484,0,0.0,0.0,0.0
HEROMOTOCO.NS_2023-05-15_2023-06-01,derived,HEROMOTOCO.NS,2023-05-15,2023-06-01,2628.3134999999997,2802.146425552054,1,TARGET,173.83292555205435,24.13865064859548,149.69427490345888,2.976001771864642,2.976001771864642,2.562750560263016,0,0.0,0.0,0.0
KOTAKBANK.NS_2023-05-31_2023-06-01,derived,KOTAKBANK.NS,2023-05-31,2023-06-01,397.1884852294922,387.69133343652805,13,STOP,-123.46297330853372,29.478885061944553,-152.94185837047826,-1.0208468534682484,-1.0208468534682484,-1.264591404994922,0,0.0,0.0,0.0
BAJAJ-AUTO.NS_2023-05-25_2023-06-08,derived,BAJAJ-AUTO.NS,2023-05-25,2023-06-08,4507.9027272949215,4799.901421800384,1,TARGET,291.9986945054625,28.4498320935345,263.548862411928,2.975531733584125,2.975531733584125,2.685621607948723,0,0.0,0.0,0.0
TATACONSUM.NS_2023-05-31_2023-06-14,derived,TATACONSUM.NS,2023-05-31,2023-06-14,787.4435127868652,828.6911614752081,6,TARGET,247.48589213005744,28.886589359073962,218.59930277098348,2.970148995363582,2.970148995363582,2.6234727722225633,0,0.0,0.0,0.0
BRITANNIA.NS_2023-06-07_2023-06-16,derived,BRITANNIA.NS,2023-06-07,2023-06-16,4717.3575,5042.351147911063,1,TARGET,324.9936479110629,28.950858618901623,296.0427892921613,2.9768948435497244,2.9768948435497244,2.7117091628667276,0,0.0,0.0,0.0
ASIANPAINT.NS_2023-05-31_2023-06-19,derived,ASIANPAINT.NS,2023-05-31,2023-06-19,3153.5259261474607,3343.276531791139,1,TARGET,189.75060564367823,25.325550079952922,164.4250555637253,2.9737888267935477,2.9737888267935477,2.5768844922609344,0,0.0,0.0,0.0
DRREDDY.NS_2023-06-15_2023-06-19,derived,DRREDDY.NS,2023-06-15,2023-06-19,939.7896673278808,991.8874362453361,5,TARGET,260.4888445872763,28.842804679409916,231.64603990786637,2.9716968370249077,2.9716968370249077,2.6426536813668084,0,0.0,0.0,0.0
BAJFINANCE.NS_2023-06-16_2023-06-22,derived,BAJFINANCE.NS,2023-06-16,2023-06-22,717.3584999999999,704.3204826554818,6,STOP,-78.22810406710892,27.611070720879958,-105.83917478798887,-1.027774339535907,-1.027774339535907,-1.390533354501772,0,0.0,0.0,0.0
RELIANCE.NS_2023-06-16_2023-06-23,derived,RELIANCE.NS,2023-06-16,2023-06-23,1182.1226262817381,1162.9372443112084,4,STOP,-76.74152788211904,28.558193320102227,-105.29972120222126,-1.0312713022900508,-1.0312713022900508,-1.4150432446667032,0,0.0,0.0,0.0
BAJAJFINSV.NS_2023-06-19_2023-06-23,derived,BAJAJFINSV.NS,2023-06-19,2023-06-23,1523.7114261474608,1493.2901522631062,3,STOP,-91.26382165306381,28.192457038505495,-119.45627869156931,-1.0251739623420693,-1.0251739623420693,-1.341862134794389,0,0.0,0.0,0.0
NTPC.NS_2023-06-08_2023-06-30,derived,NTPC.NS,2023-06-08,2023-06-30,178.839375,190.7709115189828,29,TARGET,346.01455905050193,30.017765315255865,315.99679373524606,2.9761952075722498,2.9761952075722498,2.7180016520223123,0,0.0,0.0,0.0
BRITANNIA.NS_2023-07-06_2023-07-07,derived,BRITANNIA.NS,2023-07-06,2023-07-07,5201.599499999999,5091.674776556375,1,STOP,-109.92472344362432,29.577963514614748,-139.50268695823905,-1.0237210614433447,-1.0237210614433447,-1.2991785131970714,0,0.0,0.0,0.0
BHARTIARTL.NS_2023-05-31_2023-07-10,derived,BHARTIARTL.NS,2023-05-31,2023-07-10,819.4095,884.7574472384962,5,TARGET,326.739736192481,27.570404082817557,299.16933210966346,2.979817768263841,2.979817768263841,2.728379786090174,0,0.0,0.0,0.0
TITAN.NS_2023-07-07_2023-07-10,derived,TITAN.NS,2023-07-07,2023-07-10,3141.5699999999997,3079.8482136264493,1,STOP,-61.72178637355046,25.03758399356348,-86.75937036711395,-1.0256009720810746,-1.0256009720810746,-1.4416383551689411,0,0.0,0.0,0.0
WIPRO.NS_2023-07-14_2023-07-17,derived,WIPRO.NS,2023-07-14,2023-07-17,197.47368749999998,208.17672961394564,27,TARGET,288.9821370765327,30.282607236454638,258.69952984007807,2.9710913271189976,2.9710913271189976,2.659748928474636,0,0.0,0.0,0.0
ITC.NS_2023-07-05_2023-07-21,derived,ITC.NS,2023-07-05,2023-07-21,449.28003923034663,476.62514569986547,12,TARGET,328.14127763422607,30.45604542807508,297.685232206151,2.9740680343639916,2.9740680343639916,2.6980334195974156,0,0.0,0.0,0.0
KOTAKBANK.NS_2023-07-20_2023-07-25,derived,KOTAKBANK.NS,2023-07-20,2023-07-25,380.3901122131347,372.4037224282479,14,STOP,-111.80945698841595,29.85201323834969,-141.66147022676563,-1.023883685271057,-1.023883685271057,-1.2972504482489735,0,0.0,0.0,0.0
LT.NS_2023-07-21_2023-07-27,derived,LT.NS,2023-07-21,2023-07-27,2523.261,2674.3231897709084,2,TARGET,302.1243795418168,29.66058779597875,272.463791745838,2.973664757242026,2.973664757242026,2.6817298768403033,0,0.0,0.0,0.0
BAJAJFINSV.NS_2023-07-04_2023-08-02,derived,BAJAJFINSV.NS,2023-07-04,2023-08-02,1565.8825255737304,1529.0202391739654,3,STOP,-110.58685919929508,28.454293162886533,-139.0411523621816,-1.0211896894659338,-1.0211896894659338,-1.283944514129278,0,0.0,0.0,0.0
DIVISLAB.NS_2023-07-05_2023-08-07,derived,DIVISLAB.NS,2023-07-05,2023-08-07,3578.1881022949215,3896.2169605259,1,TARGET,318.0288582309786,26.405150570906127,291.62370766007245,2.9817260869845317,2.9817260869845317,2.734160734815003,0,0.0,0.0,0.0
JSWSTEEL.NS_2023-08-10_2023-08-14,derived,JSWSTEEL.NS,2023-08-10,2023-08-14,825.4124999999999,802.7669539088099,6,STOP,-135.87327654714,28.995861323170846,-164.86913787031085,-1.0180536305672765,-1.0180536305672765,-1.2353100524453338,0,0.0,0.0,0.0
COALINDIA.NS_2023-08-01_2023-09-04,derived,COALINDIA.NS,2023-08-01,2023-09-04,230.11499999999998,244.63594968123647,24,TARGET,348.5027923496757,30.770009029262763,317.7327833204129,2.9749280032472054,2.9749280032472054,2.712265655826251,0,0.0,0.0,0.0
TATASTEEL.NS_2023-08-31_2023-09-04,derived,TATASTEEL.NS,2023-08-31,2023-09-04,122.91142347335814,130.70715041898245,44,TARGET,343.0119856074696,30.508806141222628,312.503179466247,2.975046943137465,2.975046943137465,2.7104348180291424,0,0.0,0.0,0.0
NTPC.NS_2023-09-01_2023-09-04,derived,NTPC.NS,2023-09-01,2023-09-04,217.95893110656738,235.57490746592245,23,TARGET,405.1674562651667,29.693092357662987,375.47436390750374,2.9800641330399076,2.9800641330399076,2.7616672253766197,0,0.0,0.0,0.0
ONGC.NS_2023-09-01_2023-09-06,derived,ONGC.NS,2023-09-01,2023-09-06,174.48719389343262,186.5398299422684,31,TARGET,373.63171751390917,30.5428546257706,343.0888628881386,2.9769511928390013,2.9769511928390013,2.733597689244888,0,0.0,0.0,0.0
HCLTECH.NS_2023-08-11_2023-09-07,derived,HCLTECH.NS,2023-08-11,2023-09-07,1160.58,1249.5668160613438,4,TARGET,355.94726424537566,28.81581491090945,327.1314493344662,2.979073230044878,2.979073230044878,2.737901485165724,0,0.0,0.0,0.0
LT.NS_2023-09-07_2023-09-08,derived,LT.NS,2023-09-07,2023-09-08,2734.3664999999996,2911.0381056759798,2,TARGET,353.34321135196024,30.65464790301588,322.68856344894436,2.9754741245722083,2.9754741245722083,2.717333855556426,0,0.0,0.0,0.0
HINDALCO.NS_2023-09-01_2023-09-14,derived,HINDALCO.NS,2023-09-01,2023-09-14,463.18148721313474,503.9277250100318,3,TARGET,122.23871339069115,21.324621717409574,100.91409167328158,2.981553644630832,2.981553644630832,2.4614197047495723,0,0.0,0.0,0.0
BAJAJ-AUTO.NS_2023-09-15_2023-09-18,derived,BAJAJ-AUTO.NS,2023-09-15,2023-09-18,4897.347352294922,5230.987284592707,1,TARGET,333.639932297785,29.360924377466574,304.2790079203184,2.976653534849389,2.976653534849389,2.7147025785213366,0,0.0,0.0,0.0
HDFCBANK.NS_2023-09-15_2023-09-20,derived,HDFCBANK.NS,2023-09-15,2023-09-20,825.4124999999999,799.1002500000001,7,GAP_STOP,-184.18574999999885,30.784965755457996,-214.97071575545684,-2.006215839857225,-2.006215839857225,-2.3415364926659383,0,0.0,0.0,0.0
HEROMOTOCO.NS_2023-09-18_2023-09-21,derived,HEROMOTOCO.NS,2023-09-18,2023-09-21,3068.283375,2989.322943269204,1,STOP,-78.96043173079579,24.856361609643717,-103.8167933404395,-1.0193043147333887,-1.0193043147333887,-1.3401763778910891,0,0.0,0.0,0.0
TATACONSUM.NS_2023-09-06_2023-09-25,derived,TATACONSUM.NS,2023-09-06,2023-09-25,846.2228877868652,902.3464601633342,6,TARGET,336.74143425881425,29.765228403361156,306.9762058554531,2.9760636769691997,2.9760636769691997,2.7130036372003743,0,0.0,0.0,0.0
WIPRO.NS_2023-09-04_2023-09-28,derived,WIPRO.NS,2023-09-04,2023-09-28,209.1045,204.46235666536006,27,STOP,-125.33787003527837,30.55182952473622,-155.8896995600146,-1.022529834977576,-1.022529834977576,-1.2717773863632706,0,0.0,0.0,0.0
EICHERMOT.NS_2023-09-26_2023-10-03,derived,EICHERMOT.NS,2023-09-26,2023-10-03,3406.7525738525387,3325.365250405951,1,STOP,-81.38732344658774,25.60806815821952,-106.99539160480727,-1.0208659671674074,-1.0208659671674074,-1.3420757595595385,0,0.0,0.0,0.0
BAJFINANCE.NS_2023-09-25_2023-10-06,derived,BAJFINANCE.NS,2023-09-25,2023-10-06,757.87875,810.4765411139591,7,TARGET,368.18453779771403,30.305552933490475,337.8789848642235,2.977051909386435,2.977051909386435,2.732008473381992,0,0.0,0.0,0.0
TCS.NS_2023-09-12_2023-10-09,derived,TCS.NS,2023-09-12,2023-10-09,3493.7459999999996,3675.6670744878625,1,TARGET,181.92107448786282,26.075543901094,155.84553058676883,2.9699811497479907,2.9699811497479907,2.5442807515192953,0,0.0,0.0,0.0
GRASIM.NS_2023-10-12_2023-10-19,derived,GRASIM.NS,2023-10-12,2023-10-19,1984.0066442871093,1934.0384908911317,3,STOP,-149.90446018793295,31.20861840411115,-181.1130785920441,-1.0197446970410606,-1.0197446970410606,-1.2320454056368697,0,0.0,0.0,0.0
BAJAJ-AUTO.NS_2023-10-19_2023-11-22,derived,BAJAJ-AUTO.NS,2023-10-19,2023-11-22,5302.65,5708.142912951167,1,TARGET,405.49291295116745,30.33874923610894,375.15416371505853,2.9790215968442753,2.9790215968442753,2.7561328944553005,0,0.0,0.0,0.0
TATACONSUM.NS_2023-10-13_2023-12-04,derived,TATACONSUM.NS,2023-10-13,2023-12-04,890.695125,953.523,6,GAP_TARGET,376.9672500000004,30.40162889809,346.5656211019104,2.978137801614604,2.978137801614604,2.7379571486479053,0,0.0,0.0,0.0
ADANIPORTS.NS_2023-11-28_2023-12-04,derived,ADANIPORTS.NS,2023-11-28,2023-12-04,806.4029999999999,879.4366143178199,6,TARGET,438.20168590692015,29.33826710229001,408.86341880463016,2.9820368720132304,2.9820368720132304,2.7823849832284275,0,0.0,0.0,0.0
HUL.NS_2023-11-30_2023-12-05,derived,HUL.NS,2023-11-30,2023-12-05,2517.4079772949217,2635.6815,2,GAP_TARGET,236.5470454101569,29.56635621450333,206.98068919565355,3.2374123043806096,3.2374123043806096,2.832763473368733,0,0.0,0.0,0.0
POWERGRID.NS_2023-12-05_2023-12-07,derived,POWERGRID.NS,2023-12-05,2023-12-07,213.8068469467163,229.796637321854,6,TARGET,95.9387422508263,21.059518728461697,74.8792235223646,2.9785859779470663,2.9785859779470663,2.324756401748204,0,0.0,0.0,0.0
HCLTECH.NS_2023-11-16_2023-12-08,derived,HCLTECH.NS,2023-11-16,2023-12-08,1284.441948852539,1367.3021225026591,4,TARGET,331.44069460048013,29.89438035768996,301.5463142427902,2.9754383908033346,2.9754383908033346,2.707067944944937,0,0.0,0.0,0.0
WIPRO.NS_2023-11-29_2023-12-08,derived,WIPRO.NS,2023-11-29,2023-12-08,199.09949999999998,210.87652117601024,31,TARGET,365.0876564563182,32.23416717022965,332.8534892860886,2.9733664890535674,2.9733664890535674,2.710843254505431,0,0.0,0.0,0.0
ICICIBANK.NS_2023-12-04_2023-12-12,derived,ICICIBANK.NS,2023-12-04,2023-12-12,964.1818622131348,1020.3389538111034,6,TARGET,336.9425495878115,31.342562097068644,305.5999874907429,2.972977921601697,2.972977921601697,2.6964300494644284,0,0.0,0.0,0.0
LT.NS_2023-12-04_2023-12-15,derived,LT.NS,2023-12-04,2023-12-15,3286.6425,3493.9435115857896,1,TARGET,207.30101158578964,25.640418624175673,181.66059296161396,2.974917169581734,2.974917169581734,2.606958899543305,0,0.0,0.0,0.0
SBIN.NS_2023-12-05_2023-12-15,derived,SBIN.NS,2023-12-05,2023-12-15,595.3475127868652,630.3401520481044,10,TARGET,349.9263926123922,31.731273317105742,318.1951192952865,2.9732076553812457,2.9732076553812457,2.7035976267204,0,0.0,0.0,0.0
SUNPHARMA.NS_2023-11-30_2023-12-18,derived,SUNPHARMA.NS,2023-11-30,2023-12-18,1192.9461505737304,1264.5200114481497,3,TARGET,214.72158262325797,26.299245336913927,188.42233728634403,2.973718009695039,2.973718009695039,2.6094950073106564,0,0.0,0.0,0.0
UPL.NS_2023-12-11_2023-12-20,derived,UPL.NS,2023-12-11,2023-12-20,585.2925,571.6408363872408,11,STOP,-150.16829974035113,32.29176354950902,-182.46006328986016,-1.0213953175171662,-1.0213953175171662,-1.2410332580203802,0,0.0,0.0,0.0
TATASTEEL.NS_2023-12-15_2023-12-20,derived,TATASTEEL.NS,2023-12-15,2023-12-20,133.46669389343262,130.4332253916218,49,STOP,-148.63995658873068,32.51986486374205,-181.15982145247273,-1.021982620386203,-1.021982620386203,-1.2455748325395537,0,0.0,0.0,0.0
TATACONSUM.NS_2023-12-19_2023-12-26,derived,TATACONSUM.NS,2023-12-19,2023-12-26,953.4765,1009.725923635881,7,TARGET,393.7459654511673,33.38314021748968,360.36282523367765,2.973299993599065,2.973299993599065,2.7212133709939406,0,0.0,0.0,0.0
TECHM.NS_2024-01-12_2024-01-15,derived,TECHM.NS,2024-01-12,2024-01-15,1272.435948852539,1387.7954338459258,4,TARGET,461.43793997354715,29.92245599869976,431.51548397484737,2.98205370459847,2.98205370459847,2.788679118263582,0,0.0,0.0,0.0
TCS.NS_2024-01-12_2024-02-06,derived,TCS.NS,2024-01-12,2024-02-06,3849.924,4127.08894693523,1,TARGET,277.16494693522964,26.968209006144363,250.19673792908526,2.977818497830971,2.977818497830971,2.688076116913534,0,0.0,0.0,0.0
HCLTECH.NS_2024-01-12_2024-02-07,derived,HCLTECH.NS,2024-01-12,2024-02-07,1505.7524999999998,1627.8629250788135,4,TARGET,488.4417003152548,32.030163271886806,456.411537043368,2.9801259256327226,2.9801259256327226,2.784700514765489,0,0.0,0.0,0.0
TCS.NS_2024-03-12_2024-03-19,derived,TCS.NS,2024-03-12,2024-03-19,4124.411272705078,4018.9125076022124,1,STOP,-105.49876510286549,27.18220832363037,-132.68097342649585,-1.0194269440530999,-1.0194269440530999,-1.282086658950754,0,0.0,0.0,0.0
BHARTIARTL.NS_2024-04-18_2024-04-23,derived,BHARTIARTL.NS,2024-04-18,2024-04-23,1220.61,1326.3781836442704,4,TARGET,423.072734577082,29.42064197090687,393.6520926061751,2.981297278229628,2.981297278229628,2.7739767097715524,0,0.0,0.0,0.0
GRASIM.NS_2024-03-28_2024-04-30,derived,GRASIM.NS,2024-03-28,2024-04-30,2211.105,2418.562215657115,2,TARGET,414.91443131422966,28.386609616995393,386.5278216972343,2.9826055083774445,2.9826055083774445,2.7785488359217934,0,0.0,0.0,0.0
SBIN.NS_2024-04-25_2024-05-03,derived,SBIN.NS,2024-04-25,2024-05-03,771.0353494262695,835.6618767914194,8,TARGET,517.0122189211997,32.383571993327465,484.6286469278723,2.9807190680677973,2.9807190680677973,2.794018779370424,0,0.0,0.0,0.0
BAJAJFINSV.NS_2024-03-28_2024-05-30,derived,BAJAJFINSV.NS,2024-03-28,2024-05-30,1588.7939999999999,1542.017571244827,3,STOP,-140.3292862655187,28.57655003607974,-168.90583630159844,-1.01676761022061,-1.01676761022061,-1.2238213996452767,0,0.0,0.0,0.0
SBIN.NS_2024-06-03_2024-06-04,derived,SBIN.NS,2024-06-03,2024-06-04,863.9817627868651,835.5898201985578,6,STOP,-170.3516555298438,29.47570758243094,-199.82736311227475,-1.0149426191603894,-1.0149426191603894,-1.1905567143816547,0,0.0,0.0,0.0
ONGC.NS_2024-07-05_2024-07-11,derived,ONGC.NS,2024-07-05,2024-07-11,277.388625,306.81810660999207,17,TARGET,500.3011873698654,29.129132440718266,471.1720549291471,2.9844350506733535,2.9844350506733535,2.8106717136147172,0,0.0,0.0,0.0
ASIANPAINT.NS_2024-07-10_2024-07-31,derived,ASIANPAINT.NS,2024-07-10,2024-07-31,2901.500073852539,3092.1498695339865,2,TARGET,381.2995913628947,31.42856436929303,349.8710269936017,2.975855223175159,2.975855223175159,2.7305707813509215,0,0.0,0.0,0.0
CIPLA.NS_2024-07-26_2024-08-28,derived,CIPLA.NS,2024-07-26,2024-08-28,1505.502375,1624.4888981271752,4,TARGET,475.94609250870053,32.014948669972824,443.93114383872773,2.9796496733328537,2.9796496733328537,2.7792208162674736,0,0.0,0.0,0.0
ASIANPAINT.NS_2024-09-04_2024-09-11,derived,ASIANPAINT.NS,2024-09-04,2024-09-11,3157.07775,3372.1242921382036,2,TARGET,430.09308427640735,32.61830344768202,397.47478082872533,2.976650042485626,2.976650042485626,2.7509005991838293,0,0.0,0.0,0.0
BRITANNIA.NS_2024-09-12_2024-10-01,derived,BRITANNIA.NS,2024-09-12,2024-10-01,6021.659227294922,6391.846551573425,1,TARGET,370.1873242785032,31.90426616535553,338.28305811314766,2.9743091713413694,2.9743091713413694,2.717970973793735,0,0.0,0.0,0.0
KOTAKBANK.NS_2024-09-20_2024-10-03,derived,KOTAKBANK.NS,2024-09-20,2024-10-03,374.9873877868652,367.51286512787425,19,STOP,-142.0159305208283,33.830094468828186,-175.84602498965648,-1.025216920838932,-1.025216920838932,-1.269437306226862,0,0.0,0.0,0.0
LT.NS_2024-09-20_2024-10-03,derived,LT.NS,2024-09-20,2024-10-03,3701.85,3580.7087500000002,1,GAP_STOP,-121.14124999999967,26.224337771589997,-147.36558777158967,-1.3988886593594694,-1.3988886593594694,-1.7017163807829279,0,0.0,0.0,0.0
JSWSTEEL.NS_2024-09-20_2024-10-03,derived,JSWSTEEL.NS,2024-09-20,2024-10-03,970.4849999999999,1053.8784046491419,1,TARGET,83.39340464914198,20.350442615389674,63.04296203375231,2.981153515695564,2.981153515695564,2.2536644078449477,0,0.0,0.0,0.0
HUL.NS_2024-09-09_2024-10-09,derived,HUL.NS,2024-09-09,2024-10-09,2854.526647705078,2790.8195087492486,2,STOP,-127.41427791165916,30.690574469270686,-158.10485238092986,-1.0224054679013836,-1.0224054679013836,-1.2686746589583904,0,0.0,0.0,0.0
CIPLA.NS_2024-08-30_2024-10-11,derived,CIPLA.NS,2024-08-30,2024-10-11,1615.8075,1576.0876382430679,4,STOP,-158.87944702772802,32.33844778871551,-191.21789481644353,-1.020251970332133,-1.020251970332133,-1.2279148599704748,0,0.0,0.0,0.0
WIPRO.NS_2024-09-13_2024-11-11,derived,WIPRO.NS,2024-09-13,2024-11-11,267.0334438934326,291.0684923997837,22,TARGET,528.7710671397236,31.741665395335993,497.02940174438766,2.9819350989818605,2.9819350989818605,2.8029321390534965,0,0.0,0.0,0.0
EICHERMOT.NS_2025-01-02_2025-01-03,derived,EICHERMOT.NS,2025-01-02,2025-01-03,4887.4425,5353.560567142704,1,TARGET,466.1180671427037,29.47652097830109,436.6415461644026,2.9828617248575497,2.9828617248575497,2.7942305766441584,0,0.0,0.0,0.0
SUNPHARMA.NS_2024-12-30_2025-01-09,derived,SUNPHARMA.NS,2024-12-30,2025-01-09,1862.9810738525389,1818.3441955496623,3,STOP,-133.91063490862962,30.416176087702546,-164.32681099633217,-1.0208022887851615,-1.0208022887851615,-1.2526651440961283,0,0.0,0.0,0.0
BAJFINANCE.NS_2025-01-02_2025-01-28,derived,BAJFINANCE.NS,2025-01-02,2025-01-28,698.3489999999999,760.9916580322246,8,TARGET,501.14126425779705,31.071313101210357,470.0699511565867,2.981878801724585,2.981878801724585,2.7969990153524433,0,0.0,0.0,0.0
LT.NS_2025-05-09_2025-05-15,derived,LT.NS,2025-05-09,2025-05-15,3332.6654999999996,3630.980855410022,1,TARGET,298.3153554100222,25.837553990029562,272.47780141999266,2.981843987489632,2.981843987489632,2.7235818711774655,0,0.0,0.0,0.0
GRASIM.NS_2025-05-15_2025-05-22,derived,GRASIM.NS,2025-05-15,2025-05-22,2735.667198852539,2655.648610730292,2,STOP,-160.03717624449382,30.126952155133857,-190.16412839962769,-1.0168825374075725,-1.0168825374075725,-1.2083103810547644,0,0.0,0.0,0.0
BAJFINANCE.NS_2025-06-06_2025-06-09,derived,BAJFINANCE.NS,2025-06-06,2025-06-09,894.9472499999999,969.303360338171,7,TARGET,520.4927723671977,32.601886058241455,487.8908863089563,2.9805630296908907,2.9805630296908907,2.793870761436229,0,0.0,0.0,0.0
DRREDDY.NS_2025-06-05_2025-06-10,derived,DRREDDY.NS,2025-06-05,2025-06-10,1264.8320511474608,1361.357614737697,5,TARGET,482.62781795118144,32.69519039953997,449.9326275516415,2.9789823087081384,2.9789823087081384,2.7771738133057338,0,0.0,0.0,0.0
ADANIENT.NS_2025-06-10_2025-06-13,derived,ADANIENT.NS,2025-06-10,2025-06-13,2601.2999999999997,2496.751,2,GAP_STOP,-209.09799999999905,29.477134491951997,-238.57513449195105,-1.2956277764949835,-1.2956277764949835,-1.4782760764273193,0,0.0,0.0,0.0
TITAN.NS_2025-05-09_2025-06-26,derived,TITAN.NS,2025-05-09,2025-06-26,3368.6834999999996,3685.189469856658,1,TARGET,316.50596985665834,25.93671802232376,290.5692518343346,2.9826274276646787,2.9826274276646787,2.7382100266531815,0,0.0,0.0,0.0
BHARTIARTL.NS_2025-06-20_2025-06-26,derived,BHARTIARTL.NS,2025-06-20,2025-06-26,1880.9399999999998,2003.733923342391,4,TARGET,491.1756933695651,35.37720363585301,455.79848973371213,2.9757092526675586,2.9757092526675586,2.76138213181489,0,0.0,0.0,0.0
TATACONSUM.NS_2025-06-26_2025-06-30,derived,TATACONSUM.NS,2025-06-26,2025-06-30,1122.561,1093.880415704882,6,STOP,-172.08350577070814,32.93114124763922,-205.01464701834738,-1.0194507023302368,-1.0194507023302368,-1.2145401440700774,0,0.0,0.0,0.0
HCLTECH.NS_2025-06-11_2025-07-11,derived,HCLTECH.NS,2025-06-11,2025-07-11,1676.838,1630.8787445115204,4,STOP,-183.83702195391834,32.85650222277801,-216.69352417669634,-1.0180723460759393,-1.0180723460759393,-1.2000286024723128,0,0.0,0.0,0.0
APOLLOHOSP.NS_2025-07-01_2025-07-11,derived,APOLLOHOSP.NS,2025-07-01,2025-07-11,7478.737499999999,7304.392644630491,1,STOP,-174.34485536950797,34.585284676176535,-208.9301400456845,-1.0214072618336165,-1.0214072618336165,-1.2240267245413639,0,0.0,0.0,0.0
INDUSINDBK.NS_2025-06-27_2025-07-28,derived,INDUSINDBK.NS,2025-06-27,2025-07-28,836.418,806.0613016824466,6,STOP,-182.14018990532054,29.094926624830947,-211.2351165301515,-1.0134619568331016,-1.0134619568331016,-1.1753515501537426,0,0.0,0.0,0.0
HEROMOTOCO.NS_2025-07-15_2025-08-07,derived,HEROMOTOCO.NS,2025-07-15,2025-08-07,4277.937704589844,4638.339885081131,1,TARGET,360.40218049128725,28.0084723362124,332.3937081550749,2.980809047910241,2.980809047910241,2.7491569873036212,0,0.0,0.0,0.0
M&M.NS_2025-06-20_2025-08-18,derived,M&M.NS,2025-06-20,2025-08-18,3101.5499999999997,3382.3123613742755,2,TARGET,561.5247227485515,32.507413306486946,529.0173094420646,2.9820289321027733,2.9820289321027733,2.8093953096448443,0,0.0,0.0,0.0
HDFCBANK.NS_2025-06-26_2025-08-26,derived,HDFCBANK.NS,2025-06-26,2025-08-26,991.1953622131347,972.9411178496792,7,STOP,-127.77971054418799,33.42953956596408,-161.20925011015208,-1.027393447689251,-1.027393447689251,-1.2961786074229082,0,0.0,0.0,0.0
SBIN.NS_2025-09-17_2025-09-23,derived,SBIN.NS,2025-09-17,2025-09-23,834.7171377868652,873.3890914383779,9,TARGET,348.04758286361425,35.203275125764605,312.84430773784965,2.966484863438621,2.966484863438621,2.6664397318366935,0,0.0,0.0,0.0
JSWSTEEL.NS_2025-09-08_2025-09-24,derived,JSWSTEEL.NS,2025-09-08,2025-09-24,1080.6400255737303,1158.8897530693337,7,TARGET,547.7480924692234,35.52673120761071,512.2213612616126,2.977937129312952,2.977937129312952,2.784789269191085,0,0.0,0.0,0.0
BHARTIARTL.NS_2025-09-19_2025-09-30,derived,BHARTIARTL.NS,2025-09-19,2025-09-30,1931.1650511474609,1893.7706605785547,4,STOP,-149.5775622756246,35.15902460336285,-184.73658687898745,-1.0259927618044218,-1.0259927618044218,-1.267157975398977,0,0.0,0.0,0.0
LT.NS_2025-09-16_2025-10-15,derived,LT.NS,2025-09-16,2025-10-15,3605.7018522949215,3805.8801819372266,2,TARGET,400.35665928461003,34.58678689969893,365.7698723849111,2.9717358802595455,2.9717358802595455,2.715007802359238,0,0.0,0.0,0.0
TATACONSUM.NS_2025-09-17_2025-10-23,derived,TATACONSUM.NS,2025-09-17,2025-10-23,1103.6515255737304,1188.327933931072,6,TARGET,508.05845014404986,33.38510665387853,474.6733434901713,2.979085664283691,2.979085664283691,2.7833265097908324,0,0.0,0.0,0.0
ADANIPORTS.NS_2025-10-16_2025-10-27,derived,ADANIPORTS.NS,2025-10-16,2025-10-27,1454.7269999999999,1420.3253253594767,5,STOP,-172.00837320261599,34.13067212628879,-206.13904532890479,-1.0210891518973109,-1.0210891518973109,-1.2236982365961446,0,0.0,0.0,0.0
CIPLA.NS_2025-10-20_2025-10-30,derived,CIPLA.NS,2025-10-20,2025-10-30,1590.7949999999998,1553.4184371970339,5,STOP,-186.88281401482982,35.631251964063324,-222.51406597889314,-1.0212324897844496,-1.0212324897844496,-1.2159416306394775,0,0.0,0.0,0.0
APOLLOHOSP.NS_2025-10-17_2025-10-31,derived,APOLLOHOSP.NS,2025-10-17,2025-10-31,7853.924999999999,7697.5143347791745,1,STOP,-156.41066522082474,35.43997127215848,-191.85063649298323,-1.0252404492986087,-1.0252404492986087,-1.2575423324144408,0,0.0,0.0,0.0
HINDALCO.NS_2025-10-24_2025-11-06,derived,HINDALCO.NS,2025-10-24,2025-11-06,811.7556505737305,787.606,10,GAP_STOP,-241.4965057373047,35.939015901826664,-277.43552163913137,-1.198712314433782,-1.198712314433782,-1.37710222860096,0,0.0,0.0,0.0
TATACONSUM.NS_2025-11-03_2025-11-11,derived,TATACONSUM.NS,2025-11-03,2025-11-11,1165.382448852539,1135.1747874942132,6,STOP,-181.24596814995493,33.49414740379452,-214.74011555374946,-1.0191590874583683,-1.0191590874583683,-1.207499082282445,0,0.0,0.0,0.0
RELIANCE.NS_2025-10-20_2025-11-12,derived,RELIANCE.NS,2025-10-20,2025-11-12,1440.72,1517.9703908253784,5,TARGET,386.2519541268921,34.554740227881766,351.6972138990103,2.970797311015542,2.970797311015542,2.705024857944386,0,0.0,0.0,0.0
UPL.NS_2025-10-29_2025-11-12,derived,UPL.NS,2025-10-29,2025-11-12,708.5541122131348,763.1502130839599,1,TARGET,54.596100870825126,19.736842930776902,34.859257940048224,2.979168017349252,2.979168017349252,1.9021795459209336,0,0.0,0.0,0.0
TATASTEEL.NS_2025-10-28_2025-11-14,derived,TATASTEEL.NS,2025-10-28,2025-11-14,177.43868110656737,172.95528426063802,45,STOP,-201.7528580668207,35.68435606841872,-237.4372141352394,-1.01967781299641,-1.01967781299641,-1.2000298858378222,0,0.0,0.0,0.0
DRREDDY.NS_2025-12-03_2025-12-09,derived,DRREDDY.NS,2025-12-03,2025-12-09,1284.2417755737304,1257.710911949099,6,STOP,-159.1851817477882,35.106234954071695,-194.29141670185987,-1.024290691223083,-1.024290691223083,-1.2501847679991436,0,0.0,0.0,0.0
WIPRO.NS_2025-12-03_2025-12-19,derived,WIPRO.NS,2025-12-03,2025-12-19,250.72530610656736,266.86650000000003,31,GAP_TARGET,500.3770106964128,35.94101113717608,464.43599955923673,3.286715719531201,3.286715719531201,3.0506379546554827,0,0.0,0.0,0.0
COALINDIA.NS_2025-12-23_2025-12-24,derived,COALINDIA.NS,2025-12-23,2025-12-24,387.6437372131347,408.12029838195394,20,TARGET,409.53122337638433,35.80290896071064,373.7283144156737,2.9703836911747366,2.9703836911747366,2.7107004953570444,0,0.0,0.0,0.0
INFY.NS_2025-12-22_2025-12-30,derived,INFY.NS,2025-12-22,2025-12-30,1664.8319999999999,1628.2729324041604,4,STOP,-146.2362703833578,32.788561644944096,-179.0248320283019,-1.0227879308537533,-1.0227879308537533,-1.2521136995743947,0,0.0,0.0,0.0
TATACONSUM.NS_2025-12-29_2025-12-30,derived,TATACONSUM.NS,2025-12-29,2025-12-30,1174.587,1179.0,6,DATA_TERMINATION,26.478000000000065,33.833075045872,-7.355075045871935,0.17259692822060235,0.17259692822060235,-0.04794408035914718,0,0.0,0.0,0.0
