trade_id,symbol,entry_date,exit_date,entry_price,exit_price,quantity,exit_reason,net_pnl,r_net
TCS.NS_2021-01-04_2021-01-11,TCS.NS,2021-01-04,2021-01-11,2951.475,3228.385,54,GAP_TARGET,14564.345893950578,2.959480491080735
MARUTI.NS_2021-01-08_2021-01-11,MARUTI.NS,2021-01-08,2021-01-11,7603.799999999999,8158.6175987562,17,TARGET,9115.949545655129,1.9188882996216774
POWERGRID.NS_2021-01-08_2021-01-25,POWERGRID.NS,2021-01-08,2021-01-25,111.85280397033691,107.83723503576532,1267,STOP,-5416.336477936085,-1.0790854559007341
ITC.NS_2021-01-15_2021-01-25,ITC.NS,2021-01-15,2021-01-25,207.03394619750975,199.08400567829062,654,STOP,-5513.678660499335,-1.0739269828553648
ITC.NS_2021-03-19_2021-03-25,ITC.NS,2021-03-19,2021-03-25,210.9838724441528,202.89720891259213,634,STOP,-5437.790856983292,-1.074111564533187
ULTRACEMCO.NS_2021-03-04_2021-04-22,ULTRACEMCO.NS,2021-03-04,2021-04-22,6432.2145,6110.391533699594,15,STOP,-5055.427804646224,-1.057290502324997
TCS.NS_2021-04-05_2021-04-30,TCS.NS,2021-04-05,2021-04-30,3172.5854999999997,3047.9483917072503,41,STOP,-5412.767451453125,-1.0723432298026379
BHARTIARTL.NS_2021-05-03_2021-05-10,BHARTIARTL.NS,2021-05-03,2021-05-10,520.492721282959,562.8927972504325,233,TARGET,9580.607302313954,1.9267518288675602
ASIANPAINT.NS_2021-05-14_2021-05-25,ASIANPAINT.NS,2021-05-14,2021-05-25,2621.31,2854.877485561889,42,TARGET,9536.208591126497,1.9323982952808099
RELIANCE.NS_2021-05-28_2021-05-31,RELIANCE.NS,2021-05-28,2021-05-31,918.8438969421386,976.9974745470819,174,TARGET,9733.83984111773,1.9078920343324295
INFY.NS_2021-05-27_2021-06-02,INFY.NS,2021-05-27,2021-06-02,1404.902051147461,1368.3719600452098,142,STOP,-5644.531160936538,-1.1089299839024642
LT.NS_2021-05-24_2021-06-04,LT.NS,2021-05-24,2021-06-04,1420.7099999999998,1528.8299933871465,93,TARGET,9732.18580149301,1.9221630202667637
TECHM.NS_2021-05-27_2021-06-11,TECHM.NS,2021-05-27,2021-06-11,1007.5034999999999,1074.636283103256,150,TARGET,9704.59098305148,1.912130026295104
TCS.NS_2021-05-27_2021-06-17,TCS.NS,2021-05-27,2021-06-17,3163.530926147461,3327.940799116214,61,TARGET,9570.462064203755,1.8894249830384524
ULTRACEMCO.NS_2021-07-12_2021-07-16,ULTRACEMCO.NS,2021-07-12,2021-07-16,6908.552647705078,7334.916093418406,24,TARGET,9834.515406647506,1.9057687412149709
ASIANPAINT.NS_2021-06-15_2021-07-20,ASIANPAINT.NS,2021-06-15,2021-07-20,2971.4849999999997,3149.086990982837,58,TARGET,9888.061969385077,1.9029621050083176
HDFCBANK.NS_2021-07-06_2021-07-20,HDFCBANK.NS,2021-07-06,2021-07-20,748.87425,720.6395,279,GAP_STOP,-8352.99311172942,-1.6155916585323045
BAJAJFINSV.NS_2021-07-09_2021-07-26,BAJAJFINSV.NS,2021-07-09,2021-07-26,1235.7175255737304,1331.1503142185659,109,TARGET,10073.119188226978,1.923313023511933
AXISBANK.NS_2021-07-13_2021-07-27,AXISBANK.NS,2021-07-13,2021-07-27,759.3795,737.0056476265091,76,STOP,-1845.351479130221,-1.1034200510408858
POWERGRID.NS_2021-06-09_2021-07-29,POWERGRID.NS,2021-06-09,2021-07-29,132.8164055328369,127.23722867978765,942,STOP,-5547.0202423283135,-1.0676327296913015
ICICIBANK.NS_2021-07-13_2021-08-04,ICICIBANK.NS,2021-07-13,2021-08-04,655.4775994262695,693.653,279,GAP_TARGET,10214.250247533575,1.9406931088118782
SBIN.NS_2021-07-29_2021-08-04,SBIN.NS,2021-07-29,2021-08-04,426.21299999999997,453.68142519432377,387,TARGET,10233.57836507456,1.9095860419066637
HCLTECH.NS_2021-08-05_2021-08-13,HCLTECH.NS,2021-08-05,2021-08-13,1040.52,1109.420164778327,156,TARGET,10357.446406993926,1.9118491565734628
TCS.NS_2021-08-13_2021-08-17,TCS.NS,2021-08-13,2021-08-17,3362.430375,3519.0283238672314,64,TARGET,9514.221205512154,1.8775102505795407
RELIANCE.NS_2021-08-16_2021-08-30,RELIANCE.NS,2021-08-16,2021-08-30,992.420644958496,1046.8202588050192,200,TARGET,10408.222908874004,1.8950473838215542
AXISBANK.NS_2021-08-30_2021-09-01,AXISBANK.NS,2021-08-30,2021-09-01,756.3779999999999,807.1585195623187,216,TARGET,10575.029818990275,1.9130268735737703
NTPC.NS_2021-09-15_2021-09-16,NTPC.NS,2021-09-15,2021-09-16,116.05799999999999,124.43775000000001,1438,GAP_TARGET,11647.564351660145,2.075907107629018
ITC.NS_2021-09-16_2021-09-17,ITC.NS,2021-09-16,2021-09-17,209.00891695404053,224.24707330322266,937,GAP_TARGET,13808.810310270877,2.432333308683382
INFY.NS_2021-09-24_2021-09-28,INFY.NS,2021-09-24,2021-09-28,1758.879,1709.145,130,GAP_STOP,-6986.32469056911,-1.2160943415989123
MARUTI.NS_2021-09-27_2021-09-28,MARUTI.NS,2021-09-27,2021-09-28,6977.486999999999,7444.276000000001,25,GAP_TARGET,11250.789474067838,2.0112965388133937
POWERGRID.NS_2021-09-28_2021-09-29,POWERGRID.NS,2021-09-28,2021-09-29,132.7038156967163,141.14966724143233,1368,TARGET,11119.284759354066,1.9088049559051103
ICICIBANK.NS_2021-08-31_2021-10-01,ICICIBANK.NS,2021-08-31,2021-10-01,714.357,692.6535,278,GAP_STOP,-6487.935455950734,-1.1594675951356928
M&M.NS_2021-09-27_2021-10-04,M&M.NS,2021-09-27,2021-10-04,789.8947499999999,842.4108447702131,218,TARGET,11034.794791453765,1.9123802336087885
ADANIPORTS.NS_2021-10-14_2021-10-18,ADANIPORTS.NS,2021-10-14,2021-10-18,766.4830255737304,828.0269362600694,189,TARGET,11278.799570448424,1.926339190200033
LT.NS_2021-09-23_2021-10-19,LT.NS,2021-09-23,2021-10-19,1719.159198852539,1821.2194615587296,111,TARGET,10873.586464362174,1.9026701966317536
KOTAKBANK.NS_2021-10-21_2021-10-22,KOTAKBANK.NS,2021-10-21,2021-10-22,406.40311221313476,436.1225199638348,398,TARGET,11437.498917274925,1.9198235991904875
AXISBANK.NS_2021-10-25_2021-10-27,AXISBANK.NS,2021-10-25,2021-10-27,830.5150255737304,800.1573705756384,200,STOP,-6453.458773973798,-1.0771068094584553
MARUTI.NS_2021-11-16_2021-11-17,MARUTI.NS,2021-11-16,2021-11-17,7548.7725,8175.876397049532,19,TARGET,11564.88596521354,1.928656876281332
BHARTIARTL.NS_2021-11-10_2021-11-24,BHARTIARTL.NS,2021-11-10,2021-11-24,717.85875,779.4854846943501,193,TARGET,11554.76777605756,1.930747354416926
POWERGRID.NS_2021-11-23_2021-11-30,POWERGRID.NS,2021-11-23,2021-11-30,145.00996874999998,156.782232311451,1023,TARGET,11681.844281445869,1.9271787330737886
HCLTECH.NS_2021-12-21_2021-12-24,HCLTECH.NS,2021-12-21,2021-12-24,1169.4844744262696,1261.5189494018555,150,GAP_TARGET,13381.820583569293,2.1860977497229737
INFY.NS_2021-12-17_2022-01-17,INFY.NS,2021-12-17,2022-01-17,1820.9099999999999,1938.514681405572,103,TARGET,11664.657423293325,1.9101775533391236
M&M.NS_2022-01-12_2022-02-14,M&M.NS,2022-01-12,2022-02-14,847.2233877868651,815.2295539162939,197,STOP,-6686.255419646666,-1.0745382930654845
POWERGRID.NS_2022-01-20_2022-02-15,POWERGRID.NS,2022-01-20,2022-02-15,155.4026594467163,149.49690778464344,1085,STOP,-6794.909615428799,-1.0740226757840223
POWERGRID.NS_2022-04-01_2022-04-05,POWERGRID.NS,2022-04-01,2022-04-05,162.1560344467163,175.3674560437008,934,TARGET,11971.05145691343,1.9274874504106663
NTPC.NS_2022-04-01_2022-04-05,NTPC.NS,2022-04-01,2022-04-05,138.069,147.16232787477887,1356,TARGET,11882.442237290845,1.911839156123665
ASIANPAINT.NS_2022-04-28_2022-05-05,ASIANPAINT.NS,2022-04-28,2022-05-05,3191.595,3072.051517615824,53,STOP,-6724.257596691574,-1.0751321535080733
KOTAKBANK.NS_2022-05-18_2022-05-19,KOTAKBANK.NS,2022-05-18,2022-05-19,369.5747096557617,356.6743514424529,495,STOP,-6804.796231966105,-1.080579843111747
KOTAKBANK.NS_2022-05-25_2022-05-31,KOTAKBANK.NS,2022-05-25,2022-05-31,379.75979232788086,365.7504086510337,453,STOP,-6741.103171301892,-1.0762746751275232
MARUTI.NS_2022-06-23_2022-06-27,MARUTI.NS,2022-06-23,2022-06-27,7813.905,8463.49159225329,19,TARGET,11980.38790582062,1.9288069899979898
ITC.NS_2022-07-01_2022-07-04,ITC.NS,2022-07-01,2022-07-04,263.48900898742676,280.4563666587656,735,TARGET,12008.394615126545,1.9100164106237678
HDFCBANK.NS_2022-07-07_2022-07-19,HDFCBANK.NS,2022-07-07,2022-07-19,690.3449999999999,668.16575,319,GAP_STOP,-7576.65739196827,-1.195877764432601
SUNPHARMA.NS_2022-07-14_2022-07-29,SUNPHARMA.NS,2022-07-14,2022-07-29,867.8337244262694,920.0233864272851,240,TARGET,12030.280097917612,1.9041313826767483
HDFCBANK.NS_2022-07-29_2022-08-16,HDFCBANK.NS,2022-07-29,2022-08-16,719.3594999999999,753.7981954580473,352,TARGET,11527.471136922652,1.8812443456688799
MARUTI.NS_2022-08-01_2022-08-23,MARUTI.NS,2022-08-01,2022-08-23,8854.425,8561.304882122988,22,STOP,-6894.119583145925,-1.0849327489228238
ITC.NS_2022-08-02_2022-09-05,ITC.NS,2022-08-02,2022-09-05,298.6529750061035,313.1527844610465,856,TARGET,11811.166225654022,1.8828676849748054
BHARTIARTL.NS_2022-08-18_2022-09-07,BHARTIARTL.NS,2022-08-18,2022-09-07,725.3625,702.4785287252307,286,STOP,-7018.39558068984,-1.0890839174135696
KOTAKBANK.NS_2022-08-18_2022-09-14,KOTAKBANK.NS,2022-08-18,2022-09-14,367.98388778686524,391.85834293950506,536,TARGET,12325.789999099767,1.9107117623458003
AXISBANK.NS_2022-09-12_2022-09-23,AXISBANK.NS,2022-09-12,2022-09-23,789.3945,764.0883364568753,259,STOP,-7021.180132729306,-1.0876617570660079
HDFCBANK.NS_2022-09-14_2022-09-23,HDFCBANK.NS,2022-09-14,2022-09-23,747.3985369262695,728.7617039331245,347,STOP,-7056.278974644295,-1.1128939133383582
POWERGRID.NS_2022-09-14_2022-09-23,POWERGRID.NS,2022-09-14,2022-09-23,168.834375,163.5946805268703,1260,STOP,-7087.295826238226,-1.0905379530262302
SBIN.NS_2022-09-09_2022-09-26,SBIN.NS,2022-09-09,2022-09-26,549.9248494262695,533.1307307744784,391,STOP,-7056.9194632229555,-1.092026913015989
NTPC.NS_2022-09-14_2022-09-26,NTPC.NS,2022-09-14,2022-09-26,165.08249999999998,158.8467617050134,1056,STOP,-6984.660114777255,-1.0743934077289363
ITC.NS_2022-09-21_2022-09-28,ITC.NS,2022-09-21,2022-09-28,323.70129002380367,315.7980549180938,706,STOP,-6101.2391253679125,-1.115777263995547
MARUTI.NS_2022-10-27_2022-10-31,MARUTI.NS,2022-10-27,2022-10-31,9054.525,9645.175000000001,21,GAP_TARGET,11948.94917785883,1.9801336742192948
NTPC.NS_2022-10-27_2022-11-01,NTPC.NS,2022-10-27,2022-11-01,169.98494389343261,181.92368067130855,1043,TARGET,12025.987233147629,1.916946692290261
HDFCBANK.NS_2022-11-01_2022-11-11,HDFCBANK.NS,2022-11-01,2022-11-11,752.125875,793.1859273789488,308,TARGET,12099.044628526171,1.8951086907743255
M&M.NS_2022-10-31_2022-11-14,M&M.NS,2022-10-31,2022-11-14,1318.909125,1270.8575795832949,134,STOP,-6844.142295521249,-1.0771871425805792
BAJAJFINSV.NS_2022-11-04_2022-11-18,BAJAJFINSV.NS,2022-11-04,2022-11-18,1723.7614744262694,1655.1362530802032,94,STOP,-6823.23636925828,-1.0706574747822093
BHARTIARTL.NS_2022-10-27_2022-11-22,BHARTIARTL.NS,2022-10-27,2022-11-22,806.90325,853.4267924370815,267,TARGET,11910.692995246329,1.9002722541031005
TCS.NS_2022-11-01_2022-11-24,TCS.NS,2022-11-01,2022-11-24,3216.10725,3376.7501066500936,78,TARGET,11940.024311238869,1.8859764285165848
TATASTEEL.NS_2022-11-07_2022-12-05,TATASTEEL.NS,2022-11-07,2022-12-05,105.95295152664184,113.87892106499244,1615,TARGET,12387.735432186751,1.9217047440715123
ICICIBANK.NS_2022-11-30_2022-12-06,ICICIBANK.NS,2022-11-30,2022-12-06,948.5240127868652,924.5375,276,GAP_STOP,-7214.865220793031,-1.1293774190562444
TECHM.NS_2022-12-01_2022-12-09,TECHM.NS,2022-12-01,2022-12-09,1091.9457244262694,1056.1392510668147,1,STOP,-56.303703570611624,-1.5959941272877987
KOTAKBANK.NS_2022-11-16_2022-12-13,KOTAKBANK.NS,2022-11-16,2022-12-13,382.99138778686523,372.09476551348973,608,STOP,-7155.254141111232,-1.098784377571622
LT.NS_2022-12-01_2022-12-14,LT.NS,2022-12-01,2022-12-14,2086.292625,2195.085202064402,119,TARGET,12361.5316422143,1.890577578236594
ASIANPAINT.NS_2022-12-07_2022-12-16,ASIANPAINT.NS,2022-12-07,2022-12-16,3181.5899999999997,3099.0607081071335,81,STOP,-7270.292981722248,-1.1083949983042025
ADANIENT.NS_2022-12-20_2022-12-21,ADANIENT.NS,2022-12-20,2022-12-21,4097.0475,3953.349097728827,46,STOP,-7041.323163226649,-1.0800976898446968
ULTRACEMCO.NS_2022-12-01_2022-12-22,ULTRACEMCO.NS,2022-12-01,2022-12-22,7103.549999999999,6886.0869322803055,26,STOP,-6077.82487437926,-1.0922546956275663
RELIANCE.NS_2022-11-28_2022-12-23,RELIANCE.NS,2022-11-28,2022-12-23,1204.6089614868163,1164.8872369752596,166,STOP,-7050.647946593909,-1.085203867694424
AXISBANK.NS_2022-12-08_2023-01-03,AXISBANK.NS,2022-12-08,2023-01-03,916.1078494262695,962.8844645136531,196,TARGET,8740.471457855225,1.8872555240911555
LT.NS_2023-01-17_2023-01-18,LT.NS,2023-01-17,2023-01-18,2140.9698522949216,2267.051227763117,102,TARGET,12342.209868198994,1.9023167435775574
ULTRACEMCO.NS_2023-01-13_2023-01-23,ULTRACEMCO.NS,2023-01-13,2023-01-23,7178.5875,6984.748501047177,34,STOP,-7145.656721621581,-1.1041346463812636
M&M.NS_2023-01-09_2023-01-31,M&M.NS,2023-01-09,2023-01-31,1273.5864261474608,1357.819053646355,152,TARGET,12340.577409343501,1.9122886567768824
ITC.NS_2023-01-27_2023-02-01,ITC.NS,2023-01-27,2023-02-01,329.2889823760986,321.2363389084039,791,STOP,-6961.53646901089,-1.1151789726856454
HCLTECH.NS_2023-01-24_2023-02-22,HCLTECH.NS,2023-01-24,2023-02-22,1126.4629744262695,1094.4525,216,GAP_STOP,-7467.372241200921,-1.143733793151035
NTPC.NS_2023-03-08_2023-03-27,NTPC.NS,2023-03-08,2023-03-27,175.7878469467163,170.634458455752,1279,STOP,-7103.441979052226,-1.0958705033439948
ULTRACEMCO.NS_2023-03-29_2023-04-17,ULTRACEMCO.NS,2023-03-29,2023-04-17,7423.509704589844,7815.344009817313,32,TARGET,11978.216487176263,1.8917245972122714
HDFCBANK.NS_2023-04-05_2023-04-17,HDFCBANK.NS,2023-04-05,2023-04-17,809.7046377868652,859.57,319,GAP_TARGET,15296.845204093937,2.3569119813321415
TITAN.NS_2023-03-21_2023-04-24,TITAN.NS,2023-03-21,2023-04-24,2476.2374999999997,2619.5560285045062,89,TARGET,12232.897122391909,1.9007020533764725
ITC.NS_2023-04-11_2023-04-25,ITC.NS,2023-04-11,2023-04-25,374.3277869110107,394.738996403157,244,TARGET,4753.52975764013,1.8906287530970052
KOTAKBANK.NS_2023-04-11_2023-05-04,KOTAKBANK.NS,2023-04-11,2023-05-04,369.62472244262693,388.5659494926391,684,TARGET,12360.855417691595,1.8887747690850543
ICICIBANK.NS_2023-04-03_2023-05-05,ICICIBANK.NS,2023-04-03,2023-05-05,880.6401122131347,930.4827018508794,258,TARGET,12321.630710947118,1.898632347686705
HDFCBANK.NS_2023-05-04_2023-05-05,HDFCBANK.NS,2023-05-04,2023-05-05,843.9717627868652,819.0902500000001,322,GAP_STOP,-8627.197103437496,-1.4732762936979449
POWERGRID.NS_2023-04-17_2023-05-08,POWERGRID.NS,2023-04-17,2023-05-08,174.5372219467163,184.57344896833413,1309,TARGET,12596.558027327012,1.9001791103578325
LT.NS_2023-04-28_2023-05-11,LT.NS,2023-04-28,2023-05-11,2313.456198852539,2243.358438931229,98,STOP,-7385.752054398776,-1.0926313761562967
MARUTI.NS_2023-05-05_2023-05-11,MARUTI.NS,2023-05-05,2023-05-11,8804.999909179687,9238.328720214844,31,GAP_TARGET,12792.892676287005,2.0657065493478957
ADANIPORTS.NS_2023-05-11_2023-05-18,ADANIPORTS.NS,2023-05-11,2023-05-18,694.347,667.1772176709972,258,STOP,-7419.810998711729,-1.0716548141874662
ADANIPORTS.NS_2023-05-22_2023-05-23,ADANIPORTS.NS,2023-05-22,2023-05-23,699.2494744262694,765.1430280485134,206,TARGET,13220.881159533232,1.93671097390756
TITAN.NS_2023-05-05_2023-05-29,TITAN.NS,2023-05-05,2023-05-29,2671.935397705078,2803.6007335801955,102,TARGET,12790.497782731145,1.8847084231373792
WIPRO.NS_2023-05-22_2023-05-29,WIPRO.NS,2023-05-22,2023-05-29,193.346625,201.899,1415,GAP_TARGET,11461.288982682692,1.8995728846823823
BHARTIARTL.NS_2023-04-28_2023-05-31,BHARTIARTL.NS,2023-04-28,2023-05-31,790.2449005737304,831.35355286858,326,TARGET,12795.325333090774,1.8904227251968713
KOTAKBANK.NS_2023-05-31_2023-06-01,KOTAKBANK.NS,2023-05-31,2023-06-01,397.1884852294922,385.8316219264581,630,STOP,-7723.087685576197,-1.098086077792866
ULTRACEMCO.NS_2023-06-06_2023-06-13,ULTRACEMCO.NS,2023-06-06,2023-06-13,7891.9439999999995,8264.860972983182,35,TARGET,12404.918409650232,1.879988637096662
ASIANPAINT.NS_2023-05-31_2023-06-16,ASIANPAINT.NS,2023-05-31,2023-06-16,3153.5259261474607,3305.0110580697883,89,TARGET,12824.647429982211,1.8819199077784439
NTPC.NS_2023-06-08_2023-06-16,NTPC.NS,2023-06-08,2023-06-16,178.839375,188.36672027768626,1478,TARGET,13459.67380783123,1.892970705262712
TATASTEEL.NS_2023-06-07_2023-06-19,TATASTEEL.NS,2023-06-07,2023-06-19,109.55475,115.39227194976807,2583,GAP_TARGET,14413.970099801278,2.04203464563498
BAJAJFINSV.NS_2023-06-16_2023-06-19,BAJAJFINSV.NS,2023-06-16,2023-06-19,1479.7395,1545.3475749375646,195,TARGET,12119.18944464397,1.8725105926793097
BAJFINANCE.NS_2023-06-16_2023-06-22,BAJFINANCE.NS,2023-06-16,2023-06-22,717.3584999999999,701.7846150365782,404,STOP,-6949.217394469726,-1.1299507191601572
RELIANCE.NS_2023-06-16_2023-06-23,RELIANCE.NS,2023-06-16,2023-06-23,1182.1226262817381,1159.2183801797305,245,STOP,-6269.185520031718,-1.1462154915356408
SUNPHARMA.NS_2023-06-28_2023-06-30,SUNPHARMA.NS,2023-06-28,2023-06-30,995.4975,1042.733389413184,294,TARGET,13202.633144641517,1.8806218728516537
M&M.NS_2023-06-30_2023-07-03,M&M.NS,2023-06-30,2023-07-03,1403.3513494262695,1485.776153059905,54,TARGET,4259.346204363692,1.8968045760502135
HCLTECH.NS_2023-06-20_2023-07-05,HCLTECH.NS,2023-06-20,2023-07-05,1133.5665,1195.5829996572834,235,TARGET,13947.02487912949,1.8956936984501314
POWERGRID.NS_2023-06-21_2023-07-06,POWERGRID.NS,2023-06-21,2023-07-06,186.69330610656738,197.3197050033564,1378,TARGET,14036.586282942948,1.89950569230807
NTPC.NS_2023-06-28_2023-07-06,NTPC.NS,2023-06-28,2023-07-06,186.14302805328367,195.7547036817129,1507,TARGET,13826.549891940314,1.8898578658529155
TITAN.NS_2023-06-28_2023-07-07,TITAN.NS,2023-06-28,2023-07-07,2996.4975,3138.4300000000003,97,GAP_TARGET,13087.351127660255,1.974848639645991
TECHM.NS_2023-07-05_2023-07-14,TECHM.NS,2023-07-05,2023-07-14,1151.375448852539,1220.01477015706,1,TARGET,47.901123184963595,1.3834332551585127
WIPRO.NS_2023-07-14_2023-07-17,WIPRO.NS,2023-07-14,2023-07-17,197.47368749999998,206.01637382240654,1558,TARGET,12591.989470691542,1.869624626075388
ASIANPAINT.NS_2023-06-30_2023-07-18,ASIANPAINT.NS,2023-06-30,2023-07-18,3354.6765,3514.241301972272,88,TARGET,13351.1743654911,1.8809230808106083
BAJAJFINSV.NS_2023-07-04_2023-07-20,BAJAJFINSV.NS,2023-07-04,2023-07-20,1565.8825255737304,1651.6900126396915,51,TARGET,4175.576806884885,1.8901192565707976
ITC.NS_2023-07-05_2023-07-20,ITC.NS,2023-07-05,2023-07-20,449.28003923034663,471.1111964020387,623,TARGET,12944.857093588726,1.8832121529257912
LT.NS_2023-07-21_2023-07-26,LT.NS,2023-07-21,2023-07-26,2523.261,2643.8584257167267,125,TARGET,14338.072558798522,1.8816365683360048
ONGC.NS_2023-07-12_2023-07-31,ONGC.NS,2023-07-12,2023-07-31,166.0329719467163,174.93887113040992,1707,TARGET,14536.91507060349,1.8938440772497112
KOTAKBANK.NS_2023-07-20_2023-07-31,KOTAKBANK.NS,2023-07-20,2023-07-31,380.3901122131347,370.84448348249174,822,STOP,-8553.21671636646,-1.1116716562275226
NTPC.NS_2023-07-28_2023-07-31,NTPC.NS,2023-07-28,2023-07-31,201.95093110656737,214.72283089683177,1233,TARGET,15158.414655404451,1.9090967561078898
ADANIPORTS.NS_2023-07-31_2023-08-10,ADANIPORTS.NS,2023-07-31,2023-08-10,759.0293494262695,808.7390825116098,319,TARGET,15283.273342212746,1.9120268300587293
ADANIENT.NS_2023-08-03_2023-08-22,ADANIENT.NS,2023-08-03,2023-08-22,2471.1348522949215,2669.8154115081456,80,TARGET,15419.301748323365,1.9272572398886763
MARUTI.NS_2023-08-31_2023-09-01,MARUTI.NS,2023-08-31,2023-09-01,9774.984659179687,10260.376160899596,33,TARGET,15264.36340088035,1.8859677615040646
TATASTEEL.NS_2023-09-01_2023-09-04,TATASTEEL.NS,2023-09-01,2023-09-04,123.56174999999999,130.5789681186079,2332,TARGET,15686.955500276359,1.8995514541670913
NTPC.NS_2023-09-01_2023-09-04,NTPC.NS,2023-09-01,2023-09-04,217.95893110656738,233.5831469497681,1164,GAP_TARGET,17584.24472436513,2.129650735571443
ONGC.NS_2023-09-01_2023-09-04,ONGC.NS,2023-09-01,2023-09-04,174.48719389343262,184.1118540131119,1700,TARGET,15665.825977859482,1.8967618346624333
TITAN.NS_2023-08-17_2023-09-06,TITAN.NS,2023-08-17,2023-09-06,3019.509,3176.6442065899555,102,TARGET,15306.724226605105,1.890900155893422
HCLTECH.NS_2023-09-04_2023-09-07,HCLTECH.NS,2023-09-04,2023-09-07,1186.5929999999998,1253.4767357492653,251,TARGET,16088.59010777868,1.898895592679419
LT.NS_2023-09-07_2023-09-08,LT.NS,2023-09-07,2023-09-08,2734.3664999999996,2886.556,122,GAP_TARGET,17786.36130634713,2.0461405170326765
WIPRO.NS_2023-09-04_2023-09-12,WIPRO.NS,2023-09-04,2023-09-12,209.1045,219.89016635313592,1556,TARGET,16021.924359237695,1.8900847625848494
ULTRACEMCO.NS_2023-09-04_2023-09-14,ULTRACEMCO.NS,2023-09-04,2023-09-14,8289.092670410157,8691.34700442009,40,TARGET,15316.510989193595,1.8834762439180228
TITAN.NS_2023-09-13_2023-09-18,TITAN.NS,2023-09-13,2023-09-18,3179.639073852539,3319.2101574334306,35,TARGET,4613.822934986509,1.8667718576722656
HDFCBANK.NS_2023-09-15_2023-09-20,HDFCBANK.NS,2023-09-15,2023-09-20,825.4124999999999,799.1002500000001,420,GAP_STOP,-11830.272145327412,-1.789714954708141
TECHM.NS_2023-09-04_2023-09-22,TECHM.NS,2023-09-04,2023-09-22,1235.6174999999998,1312.3316850632075,219,TARGET,16161.854180295619,1.9076586045952073
INFY.NS_2023-09-12_2023-09-27,INFY.NS,2023-09-12,2023-09-27,1483.2412499999998,1452.479145461261,240,STOP,-8186.578216939052,-1.1356808003914622
BAJFINANCE.NS_2023-09-25_2023-10-04,BAJFINANCE.NS,2023-09-25,2023-10-04,757.87875,802.09875,425,GAP_TARGET,18038.12027880801,2.0018890482965173
BAJAJFINSV.NS_2023-09-08_2023-10-06,BAJAJFINSV.NS,2023-09-08,2023-10-06,1530.7649999999999,1609.7366288215699,222,TARGET,16738.121393508172,1.8901948666844037
TCS.NS_2023-09-12_2023-10-09,TCS.NS,2023-09-12,2023-10-09,3493.7459999999996,3643.227523803711,101,GAP_TARGET,14277.528720819046,1.923185177387089
BHARTIARTL.NS_2023-09-15_2023-11-20,BHARTIARTL.NS,2023-09-15,2023-11-20,913.0562755737304,960.361020555116,2,TARGET,72.34075249585516,1.5138746812547286
ADANIPORTS.NS_2023-11-28_2023-12-04,ADANIPORTS.NS,2023-11-28,2023-12-04,806.4029999999999,864.749251154256,312,TARGET,17606.363650463296,1.9201008639659247
AXISBANK.NS_2023-11-30_2023-12-04,AXISBANK.NS,2023-11-30,2023-12-04,1063.231301147461,1119.93975,330,GAP_TARGET,17894.386315049505,1.924550464784974
ULTRACEMCO.NS_2023-11-30_2023-12-04,ULTRACEMCO.NS,2023-11-30,2023-12-04,8780.938079589843,9198.090279696586,42,TARGET,16662.26955406159,1.8812916097869994
ICICIBANK.NS_2023-12-04_2023-12-05,ICICIBANK.NS,2023-12-04,2023-12-05,964.1818622131348,1009.0111173052883,390,TARGET,16609.21067980363,1.8788418163568688
WIPRO.NS_2023-11-29_2023-12-06,WIPRO.NS,2023-11-29,2023-12-06,199.09949999999998,208.50120699080819,1857,TARGET,16598.84212036725,1.8806051924720428
POWERGRID.NS_2023-12-05_2023-12-07,POWERGRID.NS,2023-12-05,2023-12-07,213.8068469467163,226.5772985621318,33,TARGET,387.1633504681466,1.8212368292518684
HCLTECH.NS_2023-11-16_2023-12-08,HCLTECH.NS,2023-11-16,2023-12-08,1284.441948852539,1350.6016435777499,274,TARGET,17306.577498113104,1.8900987970767582
HDFCBANK.NS_2023-12-04_2023-12-08,HDFCBANK.NS,2023-12-04,2023-12-08,794.3969999999999,826.6267214457391,474,TARGET,14403.838417817511,1.8618153899576353
KOTAKBANK.NS_2023-12-04_2023-12-11,KOTAKBANK.NS,2023-12-04,2023-12-11,354.17699999999996,369.0428320684158,1063,TARGET,14928.904254257312,1.8662735457515796
SBIN.NS_2023-12-05_2023-12-14,SBIN.NS,2023-12-05,2023-12-14,595.3475127868652,625.687,648,GAP_TARGET,18761.791130831327,2.050060073822039
RELIANCE.NS_2023-12-06_2023-12-18,RELIANCE.NS,2023-12-06,2023-12-18,1224.161823852539,1265.674754758807,314,TARGET,12146.864259910351,1.8357235890567105
TATASTEEL.NS_2023-12-15_2023-12-20,TATASTEEL.NS,2023-12-15,2023-12-20,133.46669389343262,129.83987836064895,2786,STOP,-10940.49553700634,-1.1025001462029271
ITC.NS_2023-12-04_2023-12-21,ITC.NS,2023-12-04,2023-12-21,438.34549754333494,429.54618559323336,69,STOP,-692.0211627889264,-1.1683117642976377
SUNPHARMA.NS_2024-01-02_2024-01-04,SUNPHARMA.NS,2024-01-02,2024-01-04,1261.6305,1326.0350814440708,304,TARGET,18685.893057845657,1.889310228767056
HCLTECH.NS_2024-01-12_2024-01-15,HCLTECH.NS,2024-01-12,2024-01-15,1505.7524999999998,1609.1950000000002,203,GAP_TARGET,20277.76946367329,2.0315371564176563
BAJFINANCE.NS_2024-01-04_2024-01-17,BAJFINANCE.NS,2024-01-04,2024-01-17,756.3779999999999,729.9648520812989,429,GAP_STOP,-12060.6358920545,-1.2079112704272454
ITC.NS_2024-01-03_2024-01-18,ITC.NS,2024-01-03,2024-01-18,453.03728800964353,442.03187122471894,879,STOP,-10569.183647966714,-1.1149643967588863
TITAN.NS_2024-01-16_2024-01-31,TITAN.NS,2024-01-16,2024-01-31,3760.729522705078,3666.750726880811,107,STOP,-10960.067198131292,-1.1116293525647098
TECHM.NS_2024-01-15_2024-02-28,TECHM.NS,2024-01-15,2024-02-28,1335.6675,1281.9080594837815,189,STOP,-10730.604632415105,-1.0688562938531883
TATASTEEL.NS_2024-03-01_2024-03-04,TATASTEEL.NS,2024-03-01,2024-03-04,143.0715,154.82254389953613,1696,GAP_TARGET,19350.250741739466,1.9504718504393006
AXISBANK.NS_2024-03-06_2024-03-14,AXISBANK.NS,2024-03-06,2024-03-14,1100.750051147461,1063.086440319737,271,STOP,-10879.05770730355,-1.0811251417931798
TCS.NS_2024-02-06_2024-03-18,TCS.NS,2024-02-06,2024-03-18,3998.9984999999997,4241.889330310784,81,TARGET,18913.80586239052,1.906053412639361
MARUTI.NS_2024-03-20_2024-03-22,MARUTI.NS,2024-03-20,2024-03-22,11656.975965820311,12367.83589675968,27,TARGET,18453.82396961445,1.906360438707564
LT.NS_2024-03-01_2024-03-28,LT.NS,2024-03-01,2024-03-28,3503.4007272949216,3749.845320798788,79,TARGET,18814.05185018038,1.9181066330918133
BAJAJFINSV.NS_2024-03-28_2024-04-08,BAJAJFINSV.NS,2024-03-28,2024-04-08,1588.7939999999999,1698.3564792124148,185,TARGET,19574.921761815345,1.9166450943064344
TITAN.NS_2024-03-01_2024-04-18,TITAN.NS,2024-03-01,2024-04-18,3631.8149999999996,3505.596176559068,79,STOP,-10618.370344931722,-1.0798986929683758
BHARTIARTL.NS_2024-04-18_2024-04-23,BHARTIARTL.NS,2024-04-18,2024-04-23,1220.61,1309.345,242,GAP_TARGET,20775.22607586667,2.0165053740781875
SBIN.NS_2024-04-25_2024-04-29,SBIN.NS,2024-04-25,2024-04-29,771.0353494262695,822.6594677834469,398,TARGET,19823.127592459103,1.9143356354286543
HDFCBANK.NS_2024-04-04_2024-05-09,HDFCBANK.NS,2024-04-04,2024-05-09,752.376,733.2051818073206,546,STOP,-11389.891576964374,-1.1093688338862213
TATASTEEL.NS_2024-05-21_2024-06-04,TATASTEEL.NS,2024-05-21,2024-06-04,168.58425,161.71057735049897,1531,STOP,-11105.901353841462,-1.0679016784450606
RELIANCE.NS_2024-06-03_2024-06-04,RELIANCE.NS,2024-06-03,2024-06-04,1483.7414999999999,1440.1486062690317,242,STOP,-11356.742914211776,-1.0946115663123428
HDFCBANK.NS_2024-06-03_2024-06-04,HDFCBANK.NS,2024-06-03,2024-06-04,799.8997499999999,778.11075,492,GAP_STOP,-11604.118476109154,-1.117729228479523
ICICIBANK.NS_2024-06-03_2024-06-04,ICICIBANK.NS,2024-06-03,2024-06-04,1170.585,1135.1728206875628,298,STOP,-11337.290064949413,-1.0918453733579465
SBIN.NS_2024-06-03_2024-06-04,SBIN.NS,2024-06-03,2024-06-04,863.9817627868651,829.997829857175,309,STOP,-11103.127997563548,-1.0704145467442097
AXISBANK.NS_2024-06-03_2024-06-04,AXISBANK.NS,2024-06-03,2024-06-04,1197.648573852539,1154.4419121556462,243,STOP,-11154.923626703658,-1.076846086827102
HCLTECH.NS_2024-07-12_2024-07-15,HCLTECH.NS,2024-07-12,2024-07-15,1530.7649999999999,1625.0650814921441,214,TARGET,19411.173626335236,1.9073396751681582
ITC.NS_2024-07-09_2024-07-18,ITC.NS,2024-07-09,2024-07-18,431.21635491943357,451.5508630181154,933,TARGET,18037.758104665045,1.8806129630094415
BAJAJFINSV.NS_2024-07-18_2024-07-24,BAJAJFINSV.NS,2024-07-18,2024-07-24,1606.8029999999999,1564.6735229720587,248,STOP,-11343.323701763953,-1.1062347025840313
SUNPHARMA.NS_2024-07-24_2024-07-26,SUNPHARMA.NS,2024-07-24,2024-07-26,1602.801,1692.0716067892527,227,TARGET,19414.513941430916,1.8981197923783732
ASIANPAINT.NS_2024-07-10_2024-07-31,ASIANPAINT.NS,2024-07-10,2024-07-31,2901.500073852539,3053.7297603903116,131,TARGET,19056.275578708977,1.8921734200345368
BAJFINANCE.NS_2024-08-29_2024-09-02,BAJFINANCE.NS,2024-08-29,2024-09-02,689.2494818115234,727.0363244018555,559,GAP_TARGET,20224.230686548435,1.9488834268966153
ASIANPAINT.NS_2024-09-04_2024-09-11,ASIANPAINT.NS,2024-09-04,2024-09-11,3157.07775,3328.799275935563,121,TARGET,19887.36637997989,1.8958587328192926
ICICIBANK.NS_2024-09-03_2024-09-18,ICICIBANK.NS,2024-09-03,2024-09-18,1227.8135511474609,1289.32395620245,337,TARGET,19767.331953824993,1.887423498566778
M&M.NS_2024-09-20_2024-09-23,M&M.NS,2024-09-20,2024-09-23,2800.0993011474607,3002.943272145298,104,TARGET,20406.830447486213,1.920461741294854
POWERGRID.NS_2024-09-24_2024-09-25,POWERGRID.NS,2024-09-24,2024-09-25,344.7222627868652,363.6705634864868,1097,TARGET,19903.909747615242,1.896887784040923
MARUTI.NS_2024-09-26_2024-09-27,MARUTI.NS,2024-09-26,2024-09-27,12841.4175,13521.004784685223,31,TARGET,20140.140941123518,1.893147400828618
ICICIBANK.NS_2024-09-20_2024-10-03,ICICIBANK.NS,2024-09-20,2024-10-03,1295.6475,1252.9731755981445,291,GAP_STOP,-13263.588057117904,-1.2452531471196642
KOTAKBANK.NS_2024-09-20_2024-10-03,KOTAKBANK.NS,2024-09-20,2024-10-03,374.9873877868652,366.0554593348547,1139,STOP,-11132.748521640327,-1.1171969243174795
LT.NS_2024-09-20_2024-10-03,LT.NS,2024-09-20,2024-10-03,3701.85,3580.7087500000002,102,GAP_STOP,-13203.068752702147,-1.2456171118033605
NTPC.NS_2024-09-19_2024-10-07,NTPC.NS,2024-09-19,2024-10-07,424.212,408.90237608323565,708,STOP,-11515.318992604667,-1.0767625943888612
SUNPHARMA.NS_2024-09-27_2024-10-18,SUNPHARMA.NS,2024-09-27,2024-10-18,1918.9089261474608,1874.4228701041977,217,STOP,-10589.436688640428,-1.1205756024743787
WIPRO.NS_2024-09-13_2024-10-30,WIPRO.NS,2024-09-13,2024-10-30,267.0334438934326,286.23477935412416,1098,TARGET,20389.697248670745,1.9199078093314623
HCLTECH.NS_2024-10-15_2024-10-31,HCLTECH.NS,2024-10-15,2024-10-31,1830.915,1769.798591741657,178,STOP,-11611.743276724335,-1.0830708603909343
ICICIBANK.NS_2024-12-05_2024-12-20,ICICIBANK.NS,2024-12-05,2024-12-20,1316.908125,1279.9176064248554,296,STOP,-11824.538875971404,-1.0989684490883735
LT.NS_2024-12-03_2024-12-30,LT.NS,2024-12-03,2024-12-30,3722.8605,3597.533975636675,86,STOP,-11498.424525162733,-1.082376848388153
BAJFINANCE.NS_2024-12-11_2025-01-03,BAJFINANCE.NS,2024-12-11,2025-01-03,696.3379852294921,743.895977294367,453,TARGET,20800.367613879378,1.9159943866814804
ITC.NS_2025-01-02_2025-01-06,ITC.NS,2025-01-02,2025-01-06,467.58459709167477,455.13692165031284,870,STOP,-11742.815573460732,-1.1045414683085362
SUNPHARMA.NS_2024-12-30_2025-01-10,SUNPHARMA.NS,2024-12-30,2025-01-10,1862.9810738525389,1809.6031179964723,201,STOP,-11570.347937825965,-1.0970260393820006
HCLTECH.NS_2024-12-05_2025-01-13,HCLTECH.NS,2024-12-05,2025-01-13,1885.9424999999999,2006.5535599941231,176,TARGET,20447.738503492972,1.9106275793814291
M&M.NS_2025-01-02_2025-01-15,M&M.NS,2025-01-02,2025-01-15,3101.5499999999997,2980.535414596726,88,STOP,-11264.516608454416,-1.0709675774064935
BHARTIARTL.NS_2024-12-13_2025-03-24,BHARTIARTL.NS,2024-12-13,2025-03-24,1618.809,1739.13,182,GAP_TARGET,21201.040203775978,1.9556974607740942
KOTAKBANK.NS_2025-03-21_2025-03-24,KOTAKBANK.NS,2025-03-21,2025-03-24,408.20399999999995,430.1114666386081,969,TARGET,20306.750084765783,1.89456664784061
BAJFINANCE.NS_2025-03-21_2025-04-01,BAJFINANCE.NS,2025-03-21,2025-04-01,904.446992614746,871.5156515519059,330,STOP,-11539.24133658747,-1.076073394514795
HDFCBANK.NS_2025-03-25_2025-04-07,HDFCBANK.NS,2025-03-25,2025-04-07,902.9012372131347,880.9593244018555,481,GAP_STOP,-11528.956971402056,-1.1421547332510322
ASIANPAINT.NS_2025-03-25_2025-04-07,ASIANPAINT.NS,2025-03-25,2025-04-07,2326.1625,2188.905,173,GAP_STOP,-24635.71992957269,-2.2706741386473874
BAJFINANCE.NS_2025-06-06_2025-06-09,BAJFINANCE.NS,2025-06-06,2025-06-09,894.9472499999999,954.5225,355,GAP_TARGET,20401.173384128804,1.919672726545407
ADANIENT.NS_2025-06-10_2025-06-13,ADANIENT.NS,2025-06-10,2025-06-13,2601.2999999999997,2496.751,111,GAP_STOP,-12254.404564303284,-1.1401142032369662
TECHM.NS_2025-06-11_2025-06-17,TECHM.NS,2025-06-11,2025-06-17,1618.809,1719.6528020722606,212,TARGET,20573.825844213632,1.9084065996216346
ONGC.NS_2025-06-16_2025-06-24,ONGC.NS,2025-06-16,2025-06-24,254.11700049591062,245.82068739754828,1167,STOP,-10350.665395688005,-1.0851700040605134
BHARTIARTL.NS_2025-06-20_2025-06-26,BHARTIARTL.NS,2025-06-20,2025-06-26,1880.9399999999998,1978.9870446739128,193,TARGET,18076.374504576026,1.8914131110154702
ULTRACEMCO.NS_2025-06-26_2025-07-02,ULTRACEMCO.NS,2025-06-26,2025-07-02,11695.845,12358.81793281454,32,TARGET,20340.98768501344,1.8998750776851872
TITAN.NS_2025-06-25_2025-07-08,TITAN.NS,2025-06-25,2025-07-08,3551.7749999999996,3445.287726003585,80,STOP,-9161.398792141787,-1.0931020015023893
HCLTECH.NS_2025-06-11_2025-07-14,HCLTECH.NS,2025-06-11,2025-07-14,1676.838,1621.8545772138245,199,STOP,-11692.012458115041,-1.0845775311790449
HDFCBANK.NS_2025-06-06_2025-07-24,HDFCBANK.NS,2025-06-06,2025-07-24,972.486,1018.3405505981445,437,GAP_TARGET,19052.516976124276,1.8877862196479172
INFY.NS_2025-06-11_2025-07-25,INFY.NS,2025-06-11,2025-07-25,1590.8950255737304,1542.0968851717535,224,STOP,-11731.62224331447,-1.0905039650644335
TATASTEEL.NS_2025-07-02_2025-08-01,TATASTEEL.NS,2025-07-02,2025-08-01,160.14002755737303,155.0405594331535,2213,STOP,-12081.202330033375,-1.087075979323966
ASIANPAINT.NS_2025-08-18_2025-08-25,ASIANPAINT.NS,2025-08-18,2025-08-25,2551.2749999999996,2477.222503044652,148,STOP,-11807.882154732582,-1.095720489108728
M&M.NS_2025-08-18_2025-08-29,M&M.NS,2025-08-18,2025-08-29,3351.6749999999997,3237.188761985928,96,STOP,-11714.355121868526,-1.081137197434117
SBIN.NS_2025-05-30_2025-09-17,SBIN.NS,2025-05-30,2025-09-17,798.399,843.3351416019916,468,TARGET,20157.533723752043,1.899185773518371
TECHM.NS_2025-09-18_2025-09-22,TECHM.NS,2025-09-18,2025-09-22,1556.778,1498.2505,252,GAP_STOP,-15625.90490712201,-1.451707354224689
AXISBANK.NS_2025-09-16_2025-09-23,AXISBANK.NS,2025-09-16,2025-09-23,1106.2528011474608,1155.654909632568,386,TARGET,18079.759838063525,1.874291524652606
ADANIENT.NS_2025-09-19_2025-09-23,ADANIENT.NS,2025-09-19,2025-09-23,2496.2475,2662.439601930555,128,TARGET,20520.379565148065,1.913940416274191
ULTRACEMCO.NS_2025-08-18_2025-09-24,ULTRACEMCO.NS,2025-08-18,2025-09-24,12634.313999999998,12306.556108570865,33,STOP,-11751.943941447564,-1.1073315093454075
ADANIPORTS.NS_2025-09-19_2025-09-25,ADANIPORTS.NS,2025-09-19,2025-09-25,1448.523948852539,1408.5883419675718,111,STOP,-4804.635207913463,-1.1033378087607368
BHARTIARTL.NS_2025-09-19_2025-09-30,BHARTIARTL.NS,2025-09-19,2025-09-30,1931.1650511474609,1886.4848989698885,223,STOP,-10931.060482177105,-1.1207636201399902
NTPC.NS_2025-09-24_2025-10-06,NTPC.NS,2025-09-24,2025-10-06,343.4716377868652,335.783931640909,1261,STOP,-10667.363444299537,-1.1249669070887935
LT.NS_2025-09-26_2025-10-16,LT.NS,2025-09-26,2025-10-16,3665.832,3846.361481207245,117,TARGET,20126.15328240353,1.8856123581842774
KOTAKBANK.NS_2025-10-16_2025-10-20,KOTAKBANK.NS,2025-10-16,2025-10-20,430.7952765655517,451.6940474970927,1000,TARGET,19898.988714234027,1.8839519211097189
ADANIPORTS.NS_2025-10-16_2025-10-27,ADANIPORTS.NS,2025-10-16,2025-10-27,1454.7269999999999,1413.590463131372,266,STOP,-11811.326268060844,-1.0982971629928397
RELIANCE.NS_2025-10-20_2025-10-29,RELIANCE.NS,2025-10-20,2025-10-29,1440.72,1502.3762406603028,301,TARGET,17554.801842076813,1.8690483093586665
ITC.NS_2025-10-23_2025-11-04,ITC.NS,2025-10-23,2025-11-04,416.20799999999997,408.65002855616797,1058,STOP,-8987.37587852475,-1.1551823101558736
NTPC.NS_2025-10-29_2025-11-04,NTPC.NS,2025-10-29,2025-11-04,339.419625,331.24506081958054,1300,STOP,-11617.24170063691,-1.1158068828374352
BAJAJFINSV.NS_2025-10-20_2025-11-11,BAJAJFINSV.NS,2025-10-20,2025-11-11,2089.044,2034.2004140840008,201,STOP,-11965.886749803085,-1.1060045408988934
TATASTEEL.NS_2025-10-28_2025-11-14,TATASTEEL.NS,2025-10-28,2025-11-14,177.43868110656737,172.07634875956282,2085,STOP,-12011.346000980378,-1.0918429139174783
INFY.NS_2025-11-12_2025-11-14,INFY.NS,2025-11-12,2025-11-14,1540.77,1498.8560940032778,262,STOP,-11887.677931437041,-1.1022423221276842
LT.NS_2025-10-23_2025-11-26,LT.NS,2025-10-23,2025-11-26,3891.9449999999997,4060.594621962167,113,TARGET,18039.49563447118,1.8706430727388785
TITAN.NS_2025-11-19_2025-12-03,TITAN.NS,2025-11-19,2025-12-03,3884.8413522949218,3786.8808353914433,110,STOP,-11734.807595067728,-1.1104857646739743
HCLTECH.NS_2025-11-19_2025-12-05,HCLTECH.NS,2025-11-19,2025-12-05,1596.097698852539,1686.1874424483851,235,TARGET,20295.171194300103,1.8994685001445646
WIPRO.NS_2025-12-03_2025-12-08,WIPRO.NS,2025-12-03,2025-12-08,250.72530610656736,262.38054731939667,1718,TARGET,19024.94117088935,1.8790805811367604
SUNPHARMA.NS_2025-11-27_2025-12-18,SUNPHARMA.NS,2025-11-27,2025-12-18,1803.0010255737304,1765.3899663191971,239,STOP,-9958.038468896804,-1.1344347803460126
