trade_id,symbol,entry_date,exit_date,entry_price,exit_price,quantity,exit_reason,net_pnl,r_net,parameter_set
BASE_1_TCS.NS_2021-01-04_2021-01-11,TCS.NS,2021-01-04,2021-01-11,2951.475,3228.385,54,GAP_TARGET,14564.345893950578,2.959480491080735,BASELINE
BASE_1_MARUTI.NS_2021-01-08_2021-01-11,MARUTI.NS,2021-01-08,2021-01-11,7603.799999999999,8158.6175987562,17,TARGET,9115.949545655129,1.9188882996216774,BASELINE
BASE_1_POWERGRID.NS_2021-01-08_2021-01-25,POWERGRID.NS,2021-01-08,2021-01-25,111.85280397033691,107.83723503576532,1267,STOP,-5416.336477936085,-1.0790854559007341,BASELINE
BASE_1_ITC.NS_2021-01-15_2021-01-25,ITC.NS,2021-01-15,2021-01-25,207.03394619750975,199.08400567829062,654,STOP,-5513.678660499335,-1.0739269828553648,BASELINE
BASE_1_HUL.NS_2021-03-19_2021-03-22,HUL.NS,2021-03-19,2021-03-22,2205.202147705078,2347.3451650481206,70,TARGET,9577.592538022647,1.9093685472445745,BASELINE
BASE_1_ITC.NS_2021-03-19_2021-03-25,ITC.NS,2021-03-19,2021-03-25,210.9838724441528,202.89720891259213,634,STOP,-5437.790856983292,-1.074111564533187,BASELINE
BASE_1_ULTRACEMCO.NS_2021-03-04_2021-04-22,ULTRACEMCO.NS,2021-03-04,2021-04-22,6432.2145,6110.391533699594,15,STOP,-5055.427804646224,-1.057290502324997,BASELINE
BASE_1_TCS.NS_2021-04-05_2021-04-30,TCS.NS,2021-04-05,2021-04-30,3172.5854999999997,3047.9483917072503,41,STOP,-5412.767451453125,-1.0723432298026379,BASELINE
BASE_1_BHARTIARTL.NS_2021-05-03_2021-05-10,BHARTIARTL.NS,2021-05-03,2021-05-10,520.492721282959,562.8927972504325,235,TARGET,9662.999649973302,1.9267828103533038,BASELINE
BASE_1_ASIANPAINT.NS_2021-05-14_2021-05-25,ASIANPAINT.NS,2021-05-14,2021-05-25,2621.31,2854.877485561889,43,TARGET,9763.692157581889,1.9324835973988843,BASELINE
BASE_1_RELIANCE.NS_2021-05-28_2021-05-31,RELIANCE.NS,2021-05-28,2021-05-31,918.8438969421386,976.9974745470819,176,TARGET,9845.931117452417,1.9079323518972993,BASELINE
BASE_1_INFY.NS_2021-05-27_2021-06-02,INFY.NS,2021-05-27,2021-06-02,1404.902051147461,1368.3719600452098,143,STOP,-5684.153907140317,-1.1089051155175451,BASELINE
BASE_1_LT.NS_2021-05-24_2021-06-04,LT.NS,2021-05-24,2021-06-04,1420.7099999999998,1528.8299933871465,94,TARGET,9837.027597207989,1.922201053157824,BASELINE
BASE_1_TECHM.NS_2021-05-27_2021-06-11,TECHM.NS,2021-05-27,2021-06-11,1007.5034999999999,1074.636283103256,152,TARGET,9834.2268788255,1.9121769545019545,BASELINE
BASE_1_TCS.NS_2021-05-27_2021-06-17,TCS.NS,2021-05-27,2021-06-17,3163.530926147461,3327.940799116214,62,TARGET,9727.651625912014,1.8894826215059035,BASELINE
BASE_1_HUL.NS_2021-06-16_2021-06-18,HUL.NS,2021-06-16,2021-06-18,2386.1924999999997,2493.3671552175833,84,TARGET,8528.563224898317,1.8728772711536372,BASELINE
BASE_1_DIVISLAB.NS_2021-06-10_2021-07-05,DIVISLAB.NS,2021-06-10,2021-07-05,4277.1375,4536.6941408893545,40,TARGET,9972.136718204072,1.9043433511031453,BASELINE
BASE_1_HUL.NS_2021-06-21_2021-07-14,HUL.NS,2021-06-21,2021-07-14,2475.186926147461,2411.161186187038,84,STOP,-5853.983869567583,-1.1093724358048744,BASELINE
BASE_1_LT.NS_2021-07-14_2021-07-15,LT.NS,2021-07-14,2021-07-15,1514.306823852539,1594.5165743740674,133,TARGET,10189.913447958566,1.8915773957171311,BASELINE
BASE_1_ULTRACEMCO.NS_2021-07-12_2021-07-16,ULTRACEMCO.NS,2021-07-12,2021-07-16,6908.552647705078,7334.916093418406,5,TARGET,2034.5272597182304,1.8924394149690007,BASELINE
BASE_1_ASIANPAINT.NS_2021-06-15_2021-07-20,ASIANPAINT.NS,2021-06-15,2021-07-20,2971.4849999999997,3149.086990982837,59,TARGET,10058.857886098613,1.9030211488103916,BASELINE
BASE_1_HDFCBANK.NS_2021-07-06_2021-07-20,HDFCBANK.NS,2021-07-06,2021-07-20,748.87425,720.6395,290,GAP_STOP,-8681.608921869289,-1.6154588605327005,BASELINE
BASE_1_TECHM.NS_2021-07-15_2021-07-22,TECHM.NS,2021-07-15,2021-07-22,1078.539,1150.781711184497,22,TARGET,1516.7128226128852,1.8935187128167428,BASELINE
BASE_1_BAJAJFINSV.NS_2021-07-09_2021-07-26,BAJAJFINSV.NS,2021-07-09,2021-07-26,1235.7175255737304,1331.1503142185659,112,TARGET,10350.859198912125,1.9234055991254053,BASELINE
BASE_1_DRREDDY.NS_2021-06-11_2021-07-27,DRREDDY.NS,2021-06-11,2021-07-27,1060.53,1028.1669439884747,166,STOP,-5777.082635000576,-1.0927191950143897,BASELINE
BASE_1_POWERGRID.NS_2021-06-09_2021-07-29,POWERGRID.NS,2021-06-09,2021-07-29,132.8164055328369,127.23722867978765,951,STOP,-5599.844309611705,-1.0675997587392416,BASELINE
BASE_1_JSWSTEEL.NS_2021-07-22_2021-07-29,JSWSTEEL.NS,2021-07-22,2021-07-29,690.2449744262694,748.1896417173849,185,TARGET,10405.97240564288,1.928995642427882,BASELINE
BASE_1_HINDALCO.NS_2021-07-27_2021-07-29,HINDALCO.NS,2021-07-27,2021-07-29,404.202,436.64468917281033,337,TARGET,10600.18618555122,1.926116294114016,BASELINE
BASE_1_ICICIBANK.NS_2021-07-13_2021-08-04,ICICIBANK.NS,2021-07-13,2021-08-04,655.4775994262695,693.653,1,GAP_TARGET,18.573894794027154,0.9845948379183439,BASELINE
BASE_1_SBIN.NS_2021-07-29_2021-08-04,SBIN.NS,2021-07-29,2021-08-04,426.21299999999997,453.68142519432377,395,TARGET,10445.499389675584,1.9096544507063442,BASELINE
BASE_1_HCLTECH.NS_2021-07-15_2021-08-05,HCLTECH.NS,2021-07-15,2021-08-05,993.4965,1050.1935719147286,189,TARGET,10268.090321690199,1.8988539602381882,BASELINE
BASE_1_TCS.NS_2021-08-13_2021-08-17,TCS.NS,2021-08-13,2021-08-17,3362.430375,3519.0283238672314,67,TARGET,9961.048818270538,1.8776701927153685,BASELINE
BASE_1_HUL.NS_2021-08-20_2021-08-23,HUL.NS,2021-08-20,2021-08-23,2491.245,2630.0867747585826,81,TARGET,10766.734758157509,1.8967614876072791,BASELINE
BASE_1_RELIANCE.NS_2021-08-16_2021-08-30,RELIANCE.NS,2021-08-16,2021-08-30,992.420644958496,1046.8202588050192,206,TARGET,10721.012632140226,1.8951433757873815,BASELINE
BASE_1_AXISBANK.NS_2021-08-30_2021-09-01,AXISBANK.NS,2021-08-30,2021-09-01,756.3779999999999,807.1585195623187,225,TARGET,11016.410278114869,1.9131578541294247,BASELINE
BASE_1_DIVISLAB.NS_2021-08-30_2021-09-01,DIVISLAB.NS,2021-08-30,2021-09-01,4935.066397705078,5248.4865518180195,36,TARGET,10857.404852002834,1.9085503743306897,BASELINE
BASE_1_NTPC.NS_2021-09-15_2021-09-16,NTPC.NS,2021-09-15,2021-09-16,116.05799999999999,124.43775000000001,1522,GAP_TARGET,12329.00795829398,2.076085158785088,BASELINE
BASE_1_INDUSINDBK.NS_2021-09-15_2021-09-16,INDUSINDBK.NS,2021-09-15,2021-09-16,1036.518,1109.0093901901532,162,TARGET,11339.124570865843,1.916448020074391,BASELINE
BASE_1_HEROMOTOCO.NS_2021-09-14_2021-09-17,HEROMOTOCO.NS,2021-09-14,2021-09-17,2801.3999999999996,2939.922804146445,84,TARGET,11081.352139530374,1.884671187715975,BASELINE
BASE_1_ITC.NS_2021-09-16_2021-09-17,ITC.NS,2021-09-16,2021-09-17,209.00891695404053,224.24707330322266,995,GAP_TARGET,14664.69170578391,2.4325191657605525,BASELINE
BASE_1_GRASIM.NS_2021-09-08_2021-09-28,GRASIM.NS,2021-09-08,2021-09-28,1556.5916275634765,1668.6038970377358,104,TARGET,11258.331234347781,1.9185834928101224,BASELINE
BASE_1_INFY.NS_2021-09-24_2021-09-28,INFY.NS,2021-09-24,2021-09-28,1758.879,1709.145,140,GAP_STOP,-7522.34188215135,-1.2158692818482963,BASELINE
BASE_1_MARUTI.NS_2021-09-27_2021-09-28,MARUTI.NS,2021-09-27,2021-09-28,6977.486999999999,7444.276000000001,27,GAP_TARGET,12152.300727993268,2.01153623808067,BASELINE
BASE_1_POWERGRID.NS_2021-09-28_2021-09-29,POWERGRID.NS,2021-09-28,2021-09-29,132.7038156967163,141.14966724143233,1475,TARGET,11990.410707929275,1.9090303714311143,BASELINE
BASE_1_ICICIBANK.NS_2021-08-31_2021-10-01,ICICIBANK.NS,2021-08-31,2021-10-01,714.357,692.6535,290,GAP_STOP,-6767.20887707091,-1.1593337376356339,BASELINE
BASE_1_M&M.NS_2021-09-27_2021-10-04,M&M.NS,2021-09-27,2021-10-04,789.8947499999999,842.4108447702131,235,TARGET,11896.717873356123,1.9126071670041074,BASELINE
BASE_1_CIPLA.NS_2021-09-29_2021-10-05,CIPLA.NS,2021-09-29,2021-10-05,970.98525,939.2550925951135,201,STOP,-6824.138303239252,-1.0860721855292501,BASELINE
BASE_1_ADANIPORTS.NS_2021-10-14_2021-10-18,ADANIPORTS.NS,2021-10-14,2021-10-18,766.4830255737304,828.0269362600694,203,TARGET,12115.607034926086,1.9265524010226427,BASELINE
BASE_1_LT.NS_2021-09-23_2021-10-19,LT.NS,2021-09-23,2021-10-19,1719.159198852539,1821.2194615587296,119,TARGET,11658.572962694583,1.9028831287113974,BASELINE
BASE_1_KOTAKBANK.NS_2021-10-21_2021-10-22,KOTAKBANK.NS,2021-10-21,2021-10-22,406.40311221313476,436.1225199638348,427,TARGET,12272.203448433149,1.9200299507472844,BASELINE
BASE_1_AXISBANK.NS_2021-10-25_2021-10-27,AXISBANK.NS,2021-10-25,2021-10-27,830.5150255737304,800.1573705756384,215,STOP,-6936.110592021834,-1.0768960309157527,BASELINE
BASE_1_MARUTI.NS_2021-11-16_2021-11-17,MARUTI.NS,2021-11-16,2021-11-17,7548.7725,8175.876397049532,20,TARGET,12174.516868645833,1.9288078116383862,BASELINE
BASE_1_BHARTIARTL.NS_2021-11-10_2021-11-24,BHARTIARTL.NS,2021-11-10,2021-11-24,717.85875,779.4854846943501,207,TARGET,12394.250499709406,1.9309519184530863,BASELINE
BASE_1_POWERGRID.NS_2021-11-23_2021-11-30,POWERGRID.NS,2021-11-23,2021-11-30,145.00996874999998,156.782232311451,1099,TARGET,12551.048442335297,1.9273852396319717,BASELINE
BASE_1_HCLTECH.NS_2021-12-21_2021-12-24,HCLTECH.NS,2021-12-21,2021-12-24,1169.4844744262696,1261.5189494018555,161,GAP_TARGET,14364.481514364374,2.1862997856247635,BASELINE
BASE_2_BRITANNIA.NS_2022-01-10_2022-01-17,BRITANNIA.NS,2022-01-10,2022-01-17,3739.2187727050778,3647.9348719789946,53,STOP,-5292.732024846428,-1.116297355418182,BASELINE
BASE_2_JSWSTEEL.NS_2022-01-05_2022-01-24,JSWSTEEL.NS,2022-01-05,2022-01-24,668.4340255737304,640.7293772210222,182,STOP,-5326.197565354856,-1.0686784221082792,BASELINE
BASE_2_M&M.NS_2022-01-12_2022-02-14,M&M.NS,2022-01-12,2022-02-14,847.2233877868651,815.2295539162939,157,STOP,-5332.3154765712015,-1.0752794439647027,BASELINE
BASE_2_POWERGRID.NS_2022-01-20_2022-02-15,POWERGRID.NS,2022-01-20,2022-02-15,155.4026594467163,149.49690778464344,860,STOP,-5389.580681353703,-1.074771226448609,BASELINE
BASE_2_COALINDIA.NS_2022-02-09_2022-02-24,COALINDIA.NS,2022-02-09,2022-02-24,160.58024999999998,153.72079871582304,728,STOP,-5267.092167785842,-1.0667100303177481,BASELINE
BASE_2_POWERGRID.NS_2022-04-01_2022-04-05,POWERGRID.NS,2022-04-01,2022-04-05,162.1560344467163,175.3674560437008,731,TARGET,9365.272025057513,1.9266780837903241,BASELINE
BASE_2_NTPC.NS_2022-04-01_2022-04-05,NTPC.NS,2022-04-01,2022-04-05,138.069,147.16232787477887,1061,TARGET,9293.459704841878,1.9110293899346078,BASELINE
BASE_2_ASIANPAINT.NS_2022-04-28_2022-05-05,ASIANPAINT.NS,2022-04-28,2022-05-05,3191.595,3072.051517615824,42,STOP,-5332.413816246153,-1.0758901518745405,BASELINE
BASE_2_INDUSINDBK.NS_2022-05-02_2022-05-06,INDUSINDBK.NS,2022-05-02,2022-05-06,972.486,918.5405000000001,114,GAP_STOP,-6408.540176974687,-1.2906124653559499,BASELINE
BASE_2_KOTAKBANK.NS_2022-05-18_2022-05-19,KOTAKBANK.NS,2022-05-18,2022-05-19,369.5747096557617,356.6743514424529,385,STOP,-5296.641780418082,-1.0814011038473212,BASELINE
BASE_2_KOTAKBANK.NS_2022-05-25_2022-05-31,KOTAKBANK.NS,2022-05-25,2022-05-31,379.75979232788086,365.7504086510337,352,STOP,-5242.155711916702,-1.0771039112737417,BASELINE
BASE_2_CIPLA.NS_2022-05-31_2022-06-13,CIPLA.NS,2022-05-31,2022-06-13,989.3944744262694,953.5029877865168,137,STOP,-5232.171626702937,-1.078401145950539,BASELINE
BASE_2_MARUTI.NS_2022-06-23_2022-06-27,MARUTI.NS,2022-06-23,2022-06-27,7813.905,8463.49159225329,14,TARGET,8822.890772709932,1.927766190134025,BASELINE
BASE_2_EICHERMOT.NS_2022-06-23_2022-06-29,EICHERMOT.NS,2022-06-23,2022-06-29,2666.432647705078,2913.9481406646046,38,TARGET,9151.926950496962,1.934667561745228,BASELINE
BASE_2_ITC.NS_2022-07-01_2022-07-04,ITC.NS,2022-07-01,2022-07-04,263.48900898742676,280.4563666587656,574,TARGET,9374.019341336922,1.9092088530433624,BASELINE
BASE_2_HDFCBANK.NS_2022-07-07_2022-07-19,HDFCBANK.NS,2022-07-07,2022-07-19,690.3449999999999,668.16575,249,GAP_STOP,-5918.040045768336,-1.19668094871543,BASELINE
BASE_2_DRREDDY.NS_2022-07-11_2022-07-26,DRREDDY.NS,2022-07-11,2022-07-26,876.2679320983887,842.8286874735387,150,STOP,-5321.670514510748,-1.0745112458480273,BASELINE
BASE_2_SUNPHARMA.NS_2022-07-14_2022-07-29,SUNPHARMA.NS,2022-07-14,2022-07-29,867.8337244262694,920.0233864272851,188,TARGET,9419.797483368797,1.9033389287292548,BASELINE
BASE_2_DIVISLAB.NS_2022-08-04_2022-08-12,DIVISLAB.NS,2022-08-04,2022-08-12,3841.9199999999996,3718.8206107432607,40,STOP,-5279.405897665948,-1.0886356233289047,BASELINE
BASE_2_HDFCBANK.NS_2022-07-29_2022-08-16,HDFCBANK.NS,2022-07-29,2022-08-16,719.3594999999999,753.7981954580473,274,TARGET,8969.07726680911,1.8804034103928078,BASELINE
BASE_2_MARUTI.NS_2022-08-01_2022-08-23,MARUTI.NS,2022-08-01,2022-08-23,8854.425,8561.304882122988,17,STOP,-5331.388132430942,-1.0857705722658129,BASELINE
BASE_2_ITC.NS_2022-08-02_2022-09-05,ITC.NS,2022-08-02,2022-09-05,298.6529750061035,313.1527844610465,666,TARGET,9185.511072763527,1.8820444690579385,BASELINE
BASE_2_BHARTIARTL.NS_2022-08-18_2022-09-07,BHARTIARTL.NS,2022-08-18,2022-09-07,725.3625,702.4785287252307,223,STOP,-5476.372692635785,-1.089877453269739,BASELINE
BASE_2_CIPLA.NS_2022-08-01_2022-09-09,CIPLA.NS,2022-08-01,2022-09-09,990.4949999999999,1062.2556997107706,136,TARGET,9431.03684315214,1.918490833953733,BASELINE
BASE_2_KOTAKBANK.NS_2022-08-18_2022-09-14,KOTAKBANK.NS,2022-08-18,2022-09-14,367.98388778686524,391.85834293950506,417,TARGET,9585.261915717541,1.9099110091394769,BASELINE
BASE_2_INDUSINDBK.NS_2022-09-09_2022-09-14,INDUSINDBK.NS,2022-09-09,2022-09-14,1119.5594999999998,1205.8808010939376,116,TARGET,9695.370548558552,1.9230651688319904,BASELINE
BASE_2_HEROMOTOCO.NS_2022-08-17_2022-09-16,HEROMOTOCO.NS,2022-08-17,2022-09-16,2816.4075,2716.055834814878,50,STOP,-5344.267671427073,-1.0797268379566245,BASELINE
BASE_2_TATACONSUM.NS_2022-09-01_2022-09-23,TATACONSUM.NS,2022-09-01,2022-09-23,810.0548494262695,781.0319839073808,176,STOP,-5438.512767545737,-1.0792286371420612,BASELINE
BASE_2_AXISBANK.NS_2022-09-12_2022-09-23,AXISBANK.NS,2022-09-12,2022-09-23,789.3945,764.0883364568753,203,STOP,-5507.000904031078,-1.0884352976418996,BASELINE
BASE_2_HDFCBANK.NS_2022-09-14_2022-09-23,HDFCBANK.NS,2022-09-14,2022-09-23,747.3985369262695,728.7617039331245,275,STOP,-5595.9077937382735,-1.11364136858398,BASELINE
BASE_2_POWERGRID.NS_2022-09-14_2022-09-23,POWERGRID.NS,2022-09-14,2022-09-23,168.834375,163.5946805268703,996,STOP,-5606.13123788355,-1.0912762178553577,BASELINE
BASE_2_SBIN.NS_2022-09-09_2022-09-26,SBIN.NS,2022-09-09,2022-09-26,549.9248494262695,533.1307307744784,306,STOP,-5526.741579913617,-1.092804990856268,BASELINE
BASE_2_NTPC.NS_2022-09-14_2022-09-26,NTPC.NS,2022-09-14,2022-09-26,165.08249999999998,158.8467617050134,205,STOP,-1370.5108378118725,-1.0859518983090768,BASELINE
BASE_2_ITC.NS_2022-09-21_2022-09-28,ITC.NS,2022-09-21,2022-09-28,323.70129002380367,315.7980549180938,417,STOP,-3611.116093595495,-1.1180714499454854,BASELINE
BASE_2_MARUTI.NS_2022-10-27_2022-10-31,MARUTI.NS,2022-10-27,2022-10-31,9054.525,9645.175000000001,17,GAP_TARGET,9669.511010647624,1.979427871654217,BASELINE
BASE_2_NTPC.NS_2022-10-27_2022-11-01,NTPC.NS,2022-10-27,2022-11-01,169.98494389343261,181.92368067130855,817,TARGET,9416.242280231652,1.9161485449936837,BASELINE
BASE_2_APOLLOHOSP.NS_2022-10-28_2022-11-10,APOLLOHOSP.NS,2022-10-28,2022-11-10,4456.477124999999,4288.269613290414,29,STOP,-5179.037312230512,-1.0754246382332806,BASELINE
BASE_2_HDFCBANK.NS_2022-11-01_2022-11-11,HDFCBANK.NS,2022-11-01,2022-11-11,752.125875,793.1859273789488,242,TARGET,9502.513379556278,1.8943354424615269,BASELINE
BASE_2_M&M.NS_2022-10-31_2022-11-14,M&M.NS,2022-10-31,2022-11-14,1318.909125,1270.8575795832949,105,STOP,-5366.864744997994,-1.0779739857814443,BASELINE
BASE_2_HINDALCO.NS_2022-11-02_2022-11-14,HINDALCO.NS,2022-11-02,2022-11-14,414.95737499999996,452.2967634221865,270,TARGET,9803.395884934625,1.9330890699916554,BASELINE
BASE_2_BAJAJFINSV.NS_2022-11-04_2022-11-18,BAJAJFINSV.NS,2022-11-04,2022-11-18,1723.7614744262694,1655.1362530802032,42,STOP,-3058.6935096685934,-1.0741740633283994,BASELINE
BASE_2_BHARTIARTL.NS_2022-10-27_2022-11-22,BHARTIARTL.NS,2022-10-27,2022-11-22,806.90325,853.4267924370815,209,TARGET,9319.419349837013,1.899470819903711,BASELINE
BASE_2_TCS.NS_2022-11-01_2022-11-24,TCS.NS,2022-11-01,2022-11-24,3216.10725,3376.7501066500936,61,TARGET,9333.7661869945,1.8851796135135523,BASELINE
BASE_2_HUL.NS_2022-11-29_2022-11-30,HUL.NS,2022-11-29,2022-11-30,2528.4635511474607,2672.1835971955475,71,TARGET,9775.382405821554,1.898310681406723,BASELINE
BASE_2_HEROMOTOCO.NS_2022-11-28_2022-12-01,HEROMOTOCO.NS,2022-11-28,2022-12-01,2721.309926147461,2881.991658668607,63,TARGET,9712.29412878485,1.901802603163588,BASELINE
BASE_2_TATASTEEL.NS_2022-11-07_2022-12-05,TATASTEEL.NS,2022-11-07,2022-12-05,105.95295152664184,113.87892106499244,16,TARGET,104.80492143342912,1.6410770104756975,BASELINE
BASE_2_ICICIBANK.NS_2022-11-30_2022-12-06,ICICIBANK.NS,2022-11-30,2022-12-06,948.5240127868652,924.5375,221,GAP_STOP,-5780.727463026304,-1.1300825806656796,BASELINE
BASE_2_TECHM.NS_2022-12-01_2022-12-09,TECHM.NS,2022-12-01,2022-12-09,1091.9457244262694,1056.1392510668147,1,STOP,-56.303703570611624,-1.5959941272877987,BASELINE
BASE_2_UPL.NS_2022-12-05_2022-12-09,UPL.NS,2022-12-05,2022-12-09,787.89375,764.583157813358,3,STOP,-93.22741897688755,-1.3553584305241737,BASELINE
BASE_2_KOTAKBANK.NS_2022-11-16_2022-12-13,KOTAKBANK.NS,2022-11-16,2022-12-13,382.99138778686523,372.09476551348973,477,STOP,-5617.479412023121,-1.0995477697323612,BASELINE
BASE_2_LT.NS_2022-12-01_2022-12-14,LT.NS,2022-12-01,2022-12-14,2086.292625,2195.085202064402,86,TARGET,8928.524215381765,1.8895152833924151,BASELINE
BASE_2_INDUSINDBK.NS_2022-11-25_2022-12-15,INDUSINDBK.NS,2022-11-25,2022-12-15,1180.59,1259.8089197198037,128,TARGET,9774.644685696649,1.91271721364932,BASELINE
BASE_2_ASIANPAINT.NS_2022-12-07_2022-12-16,ASIANPAINT.NS,2022-12-07,2022-12-16,3181.5899999999997,3099.0607081071335,63,STOP,-5658.694808006193,-1.1091834624827732,BASELINE
BASE_2_ADANIENT.NS_2022-12-20_2022-12-21,ADANIENT.NS,2022-12-20,2022-12-21,4097.0475,3953.349097728827,37,STOP,-5667.214518247522,-1.0807730834006775,BASELINE
BASE_2_RELIANCE.NS_2022-11-28_2022-12-23,RELIANCE.NS,2022-11-28,2022-12-23,1204.6089614868163,1164.8872369752596,131,STOP,-5567.882066287964,-1.085948233507027,BASELINE
BASE_2_TATACONSUM.NS_2022-11-30_2022-12-23,TATACONSUM.NS,2022-11-30,2022-12-23,805.4525127868652,781.4231595365659,10,STOP,-276.09334240879724,-1.1679843077421543,BASELINE
BASE_2_JSWSTEEL.NS_2022-11-29_2022-12-27,JSWSTEEL.NS,2022-11-29,2022-12-27,714.8572499999999,763.0154857286046,213,TARGET,9889.644337036298,1.9130744922987784,BASELINE
BASE_3_LT.NS_2023-01-17_2023-01-18,LT.NS,2023-01-17,2023-01-18,2140.9698522949216,2267.051227763117,79,TARGET,9555.080901840396,1.9015044780632118,BASELINE
BASE_3_ULTRACEMCO.NS_2023-01-13_2023-01-23,ULTRACEMCO.NS,2023-01-13,2023-01-23,7178.5875,6984.748501047177,26,STOP,-5468.584834181209,-1.1049952514405406,BASELINE
BASE_3_M&M.NS_2023-01-09_2023-01-31,M&M.NS,2023-01-09,2023-01-31,1273.5864261474608,1357.819053646355,117,TARGET,9494.829045349932,1.9114495687620792,BASELINE
BASE_3_ITC.NS_2023-01-27_2023-02-01,ITC.NS,2023-01-27,2023-02-01,329.2889823760986,321.2363389084039,611,STOP,-5381.487988072888,-1.1160332091994916,BASELINE
BASE_3_UPL.NS_2023-01-23_2023-02-02,UPL.NS,2023-01-23,2023-02-02,743.3214872131347,721.1788197848426,232,STOP,-5534.142299596555,-1.095132391013659,BASELINE
BASE_3_HCLTECH.NS_2023-01-24_2023-02-22,HCLTECH.NS,2023-01-24,2023-02-22,1126.4629744262695,1094.4525,167,GAP_STOP,-5777.491310558119,-1.144547267996133,BASELINE
BASE_3_BAJAJ-AUTO.NS_2023-01-27_2023-02-27,BAJAJ-AUTO.NS,2023-01-27,2023-02-27,3851.9249999999997,3733.8910358613216,43,STOP,-5457.375486703095,-1.0925366843652684,BASELINE
BASE_3_NTPC.NS_2023-03-08_2023-03-27,NTPC.NS,2023-03-08,2023-03-27,175.7878469467163,170.634458455752,978,STOP,-5435.977104545017,-1.0967299628269107,BASELINE
BASE_3_GRASIM.NS_2023-04-05_2023-04-12,GRASIM.NS,2023-04-05,2023-04-12,1624.3562058105467,1720.2642729615122,102,TARGET,9385.15276772344,1.9016762364928943,BASELINE
BASE_3_BAJAJ-AUTO.NS_2023-04-05_2023-04-12,BAJAJ-AUTO.NS,2023-04-05,2023-04-12,3995.997,4213.267920975714,25,TARGET,5185.415058554865,1.8909464646126957,BASELINE
BASE_3_DIVISLAB.NS_2023-04-12_2023-04-13,DIVISLAB.NS,2023-04-12,2023-04-13,2942.4705,3208.3449761962893,49,GAP_TARGET,12674.923764101884,2.4978593019065234,BASELINE
BASE_3_ULTRACEMCO.NS_2023-03-29_2023-04-17,ULTRACEMCO.NS,2023-03-29,2023-04-17,7423.509704589844,7815.344009817313,24,TARGET,8979.137065382198,1.8907716872551081,BASELINE
BASE_3_HDFCBANK.NS_2023-04-05_2023-04-17,HDFCBANK.NS,2023-04-05,2023-04-17,809.7046377868652,859.57,244,GAP_TARGET,11696.152475858687,2.3560547060611428,BASELINE
BASE_3_TITAN.NS_2023-03-21_2023-04-24,TITAN.NS,2023-03-21,2023-04-24,2476.2374999999997,2619.5560285045062,68,TARGET,9342.212124973592,1.8998334880873282,BASELINE
BASE_3_KOTAKBANK.NS_2023-04-11_2023-05-04,KOTAKBANK.NS,2023-04-11,2023-05-04,369.62472244262693,388.5659494926391,4,TARGET,54.290359167787116,1.4185690205242456,BASELINE
BASE_3_ICICIBANK.NS_2023-04-03_2023-05-05,ICICIBANK.NS,2023-04-03,2023-05-05,880.6401122131347,930.4827018508794,197,TARGET,9404.097197118535,1.8977686859820782,BASELINE
BASE_3_HDFCBANK.NS_2023-05-04_2023-05-05,HDFCBANK.NS,2023-05-04,2023-05-05,843.9717627868652,819.0902500000001,4,GAP_STOP,-125.04649072593162,-1.719023718725515,BASELINE
BASE_3_POWERGRID.NS_2023-04-17_2023-05-08,POWERGRID.NS,2023-04-17,2023-05-08,174.5372219467163,184.57344896833413,1024,TARGET,9850.050861713415,1.8994191430364293,BASELINE
BASE_3_BRITANNIA.NS_2023-04-28_2023-05-08,BRITANNIA.NS,2023-04-28,2023-05-08,4418.158170410156,4647.138436283432,45,TARGET,9832.268456652071,1.8892359178939833,BASELINE
BASE_3_LT.NS_2023-04-28_2023-05-11,LT.NS,2023-04-28,2023-05-11,2313.456198852539,2243.358438931229,76,STOP,-5731.78961769701,-1.0934065433762874,BASELINE
BASE_3_MARUTI.NS_2023-05-05_2023-05-11,MARUTI.NS,2023-05-05,2023-05-11,8804.999909179687,9238.328720214844,21,GAP_TARGET,8660.314006517005,2.064314713742759,BASELINE
BASE_3_ADANIPORTS.NS_2023-05-11_2023-05-18,ADANIPORTS.NS,2023-05-11,2023-05-18,694.347,667.1772176709972,202,STOP,-5813.238329223912,-1.0723795940210024,BASELINE
BASE_3_ADANIPORTS.NS_2023-05-22_2023-05-23,ADANIPORTS.NS,2023-05-22,2023-05-23,699.2494744262694,765.1430280485134,162,TARGET,10393.137354584387,1.9359907800039011,BASELINE
BASE_3_HEROMOTOCO.NS_2023-05-15_2023-05-29,HEROMOTOCO.NS,2023-05-15,2023-05-29,2628.3134999999997,2767.117009091643,77,TARGET,10207.688233238414,1.8912832320853747,BASELINE
BASE_3_WIPRO.NS_2023-05-22_2023-05-29,WIPRO.NS,2023-05-22,2023-05-29,193.346625,201.899,1116,GAP_TARGET,9035.608654327834,1.8987691053047613,BASELINE
BASE_3_APOLLOHOSP.NS_2023-04-28_2023-05-30,APOLLOHOSP.NS,2023-04-28,2023-05-30,4445.171670410156,4732.241445198416,25,TARGET,6903.550089646809,1.908131497072743,BASELINE
BASE_3_BHARTIARTL.NS_2023-04-28_2023-05-31,BHARTIARTL.NS,2023-04-28,2023-05-31,790.2449005737304,831.35355286858,253,TARGET,9926.061109423208,1.8896510806302,BASELINE
BASE_3_COALINDIA.NS_2023-05-29_2023-06-01,COALINDIA.NS,2023-05-29,2023-06-01,241.67077805328367,230.28479389953614,903,GAP_STOP,-10775.250945527334,-1.9397449375704943,BASELINE
BASE_3_KOTAKBANK.NS_2023-05-31_2023-06-01,KOTAKBANK.NS,2023-05-31,2023-06-01,397.1884852294922,385.8316219264581,500,STOP,-6133.169839346188,-1.0987552318793334,BASELINE
BASE_3_BAJAJ-AUTO.NS_2023-05-25_2023-06-06,BAJAJ-AUTO.NS,2023-05-25,2023-06-06,4507.9027272949215,4741.050892626563,46,TARGET,10233.490507598135,1.889158470423918,BASELINE
BASE_3_TATACONSUM.NS_2023-05-31_2023-06-07,TATACONSUM.NS,2023-05-31,2023-06-07,787.4435127868652,820.3628873862608,284,TARGET,8822.950646651041,1.8642034312035654,BASELINE
BASE_3_BRITANNIA.NS_2023-06-07_2023-06-09,BRITANNIA.NS,2023-06-07,2023-06-09,4717.3575,4976.880682578851,42,TARGET,10429.044290441701,1.8954075077618733,BASELINE
BASE_3_ULTRACEMCO.NS_2023-06-06_2023-06-13,ULTRACEMCO.NS,2023-06-06,2023-06-13,7891.9439999999995,8264.860972983182,28,TARGET,9920.314487720187,1.879302819399318,BASELINE
BASE_3_JSWSTEEL.NS_2023-06-08_2023-06-14,JSWSTEEL.NS,2023-06-08,2023-06-14,730.114875,776.2318101664029,55,TARGET,2426.212023673661,1.8971170099248746,BASELINE
BASE_3_ASIANPAINT.NS_2023-05-31_2023-06-16,ASIANPAINT.NS,2023-05-31,2023-06-16,3153.5259261474607,3305.0110580697883,70,TARGET,10082.937048300617,1.881198935394611,BASELINE
BASE_3_NTPC.NS_2023-06-08_2023-06-16,NTPC.NS,2023-06-08,2023-06-16,178.839375,188.36672027768626,1185,TARGET,10787.828018051427,1.8923412483678619,BASELINE
BASE_3_DRREDDY.NS_2023-06-15_2023-06-16,DRREDDY.NS,2023-06-15,2023-06-16,939.7896673278808,981.3739034951121,248,TARGET,9764.715279280132,1.8715956825158069,BASELINE
BASE_3_TATASTEEL.NS_2023-06-07_2023-06-19,TATASTEEL.NS,2023-06-07,2023-06-19,109.55475,115.39227194976807,2044,GAP_TARGET,11402.399665967407,2.0413584151737045,BASELINE
BASE_3_BAJAJFINSV.NS_2023-06-16_2023-06-19,BAJAJFINSV.NS,2023-06-16,2023-06-19,1479.7395,1545.3475749375646,158,TARGET,9816.216347967933,1.8718556508735753,BASELINE
BASE_3_BAJFINANCE.NS_2023-06-16_2023-06-22,BAJFINANCE.NS,2023-06-16,2023-06-22,717.3584999999999,701.7846150365782,326,STOP,-5611.031594547353,-1.1306549385430271,BASELINE
BASE_3_RELIANCE.NS_2023-06-16_2023-06-23,RELIANCE.NS,2023-06-16,2023-06-23,1182.1226262817381,1159.2183801797305,198,STOP,-5069.997915780736,-1.1470010801609294,BASELINE
BASE_3_SUNPHARMA.NS_2023-06-28_2023-06-30,SUNPHARMA.NS,2023-06-28,2023-06-30,995.4975,1042.733389413184,238,TARGET,10684.398031376466,1.8800151932905849,BASELINE
BASE_3_M&M.NS_2023-06-30_2023-07-03,M&M.NS,2023-06-30,2023-07-03,1403.3513494262695,1485.776153059905,44,TARGET,3467.2263146667124,1.8949725386400837,BASELINE
BASE_3_HCLTECH.NS_2023-06-20_2023-07-05,HCLTECH.NS,2023-06-20,2023-07-05,1133.5665,1195.5829996572834,191,TARGET,11332.277868569076,1.8951269200813137,BASELINE
BASE_3_POWERGRID.NS_2023-06-21_2023-07-06,POWERGRID.NS,2023-06-21,2023-07-06,186.69330610656738,197.3197050033564,1119,TARGET,11394.95779376862,1.8989387274458727,BASELINE
BASE_3_NTPC.NS_2023-06-28_2023-07-06,NTPC.NS,2023-06-28,2023-07-06,186.14302805328367,195.7547036817129,1224,TARGET,11226.658545544089,1.889285824135125,BASELINE
BASE_3_TITAN.NS_2023-06-28_2023-07-07,TITAN.NS,2023-06-28,2023-07-07,2996.4975,3138.4300000000003,79,GAP_TARGET,10655.411520465566,1.974226289434599,BASELINE
BASE_3_BRITANNIA.NS_2023-07-06_2023-07-07,BRITANNIA.NS,2023-07-06,2023-07-07,5201.599499999999,5070.209991817649,47,STOP,-6731.767602367509,-1.1115685925909333,BASELINE
BASE_3_TECHM.NS_2023-07-05_2023-07-14,TECHM.NS,2023-07-05,2023-07-14,1151.375448852539,1220.01477015706,1,TARGET,47.901123184963595,1.3834332551585127,BASELINE
BASE_3_WIPRO.NS_2023-07-14_2023-07-17,WIPRO.NS,2023-07-14,2023-07-17,197.47368749999998,206.01637382240654,1259,TARGET,10171.952814377826,1.8689863436405267,BASELINE
BASE_3_ASIANPAINT.NS_2023-06-30_2023-07-18,ASIANPAINT.NS,2023-06-30,2023-07-18,3354.6765,3514.241301972272,71,TARGET,10768.473403975773,1.8803124910634395,BASELINE
BASE_3_BAJAJFINSV.NS_2023-07-04_2023-07-20,BAJAJFINSV.NS,2023-07-04,2023-07-20,1565.8825255737304,1651.6900126396915,42,TARGET,3435.5159821404936,1.8883634635594693,BASELINE
BASE_3_ITC.NS_2023-07-05_2023-07-20,ITC.NS,2023-07-05,2023-07-20,449.28003923034663,471.1111964020387,506,TARGET,10510.401041662753,1.8826032547126061,BASELINE
BASE_3_LT.NS_2023-07-21_2023-07-26,LT.NS,2023-07-21,2023-07-26,2523.261,2643.8584257167267,101,TARGET,11581.687197109206,1.8810720965938628,BASELINE
BASE_3_CIPLA.NS_2023-07-26_2023-07-27,CIPLA.NS,2023-07-26,2023-07-27,1060.53,1117.6153637353943,222,TARGET,12117.04214245342,1.893721598597528,BASELINE
BASE_3_ONGC.NS_2023-07-12_2023-07-31,ONGC.NS,2023-07-12,2023-07-31,166.0329719467163,174.93887113040992,1379,TARGET,11740.169120540253,1.8932831727663424,BASELINE
BASE_3_KOTAKBANK.NS_2023-07-20_2023-07-31,KOTAKBANK.NS,2023-07-20,2023-07-31,380.3901122131347,370.84448348249174,664,STOP,-6912.647067235194,-1.1122314698098839,BASELINE
BASE_3_NTPC.NS_2023-07-28_2023-07-31,NTPC.NS,2023-07-28,2023-07-31,201.95093110656737,214.72283089683177,1009,TARGET,12401.286065290422,1.9085906537323725,BASELINE
BASE_3_COALINDIA.NS_2023-08-01_2023-08-02,COALINDIA.NS,2023-08-01,2023-08-02,230.11499999999998,241.70874824498918,1128,TARGET,12467.644033769584,1.8870155879444677,BASELINE
BASE_3_ADANIPORTS.NS_2023-07-31_2023-08-10,ADANIPORTS.NS,2023-07-31,2023-08-10,759.0293494262695,808.7390825116098,261,TARGET,12501.205243628609,1.911523593186172,BASELINE
BASE_3_DIVISLAB.NS_2023-08-07_2023-08-14,DIVISLAB.NS,2023-08-07,2023-08-14,3764.781352294922,3633.3977610729403,51,STOP,-7139.553448760085,-1.0804629446023253,BASELINE
BASE_3_JSWSTEEL.NS_2023-08-10_2023-08-14,JSWSTEEL.NS,2023-08-10,2023-08-14,825.4124999999999,798.3203859405719,250,STOP,-7243.918744977049,-1.0855258613417849,BASELINE
BASE_3_ADANIENT.NS_2023-08-03_2023-08-22,ADANIENT.NS,2023-08-03,2023-08-22,2471.1348522949215,2669.8154115081456,66,TARGET,12717.756232366775,1.926777322544698,BASELINE
BASE_3_MARUTI.NS_2023-08-31_2023-09-01,MARUTI.NS,2023-08-31,2023-09-01,9774.984659179687,10260.376160899596,27,TARGET,12485.733473447559,1.8854707683333558,BASELINE
BASE_3_TATASTEEL.NS_2023-09-01_2023-09-04,TATASTEEL.NS,2023-09-01,2023-09-04,123.56174999999999,130.5789681186079,1900,TARGET,12777.613950310928,1.8990530864407262,BASELINE
BASE_3_NTPC.NS_2023-09-01_2023-09-04,NTPC.NS,2023-09-01,2023-09-04,217.95893110656738,233.5831469497681,948,GAP_TARGET,14317.83001675098,2.1291512333246394,BASELINE
BASE_3_ONGC.NS_2023-09-01_2023-09-04,ONGC.NS,2023-09-01,2023-09-04,174.48719389343262,184.1118540131119,1385,TARGET,12759.686530197283,1.8962633777168934,BASELINE
BASE_3_COALINDIA.NS_2023-09-01_2023-09-04,COALINDIA.NS,2023-09-01,2023-09-04,230.8153469467163,241.68919854242802,3,TARGET,12.943441730319481,0.784825115297249,BASELINE
BASE_3_TITAN.NS_2023-08-17_2023-09-06,TITAN.NS,2023-08-17,2023-09-06,3019.509,3176.6442065899555,83,TARGET,12452.099882433566,1.890388274651055,BASELINE
BASE_3_HCLTECH.NS_2023-09-04_2023-09-07,HCLTECH.NS,2023-09-04,2023-09-07,1186.5929999999998,1253.4767357492653,205,TARGET,13136.766202767447,1.8984161966454234,BASELINE
BASE_3_COALINDIA.NS_2023-09-05_2023-09-07,COALINDIA.NS,2023-09-05,2023-09-07,249.47468110656737,263.0209810325031,3,TARGET,20.82771659471205,1.0151535361764596,BASELINE
BASE_3_LT.NS_2023-09-07_2023-09-08,LT.NS,2023-09-07,2023-09-08,2734.3664999999996,2886.556,94,GAP_TARGET,13700.091222923198,2.0455202397299437,BASELINE
BASE_3_GRASIM.NS_2023-07-20_2023-09-12,GRASIM.NS,2023-07-20,2023-09-12,1778.8195072631836,1873.7283100123898,131,TARGET,11882.769312824252,1.8927870623741083,BASELINE
BASE_3_WIPRO.NS_2023-09-04_2023-09-12,WIPRO.NS,2023-09-04,2023-09-12,209.1045,219.89016635313592,985,TARGET,10135.77102098273,1.8888468959747533,BASELINE
BASE_3_HINDALCO.NS_2023-09-01_2023-09-14,HINDALCO.NS,2023-09-01,2023-09-14,463.18148721313474,495.73215930193106,381,TARGET,11977.575145727878,1.9169809396614335,BASELINE
BASE_3_ULTRACEMCO.NS_2023-09-04_2023-09-14,ULTRACEMCO.NS,2023-09-04,2023-09-14,8289.092670410157,8691.34700442009,33,TARGET,12632.953856084716,1.8830040811185895,BASELINE
BASE_3_TATACONSUM.NS_2023-09-06_2023-09-14,TATACONSUM.NS,2023-09-06,2023-09-14,846.2228877868652,894.5525,309,GAP_TARGET,14317.554193656699,2.0475099576138147,BASELINE
BASE_3_HDFCBANK.NS_2023-09-15_2023-09-20,HDFCBANK.NS,2023-09-15,2023-09-20,825.4124999999999,799.1002500000001,362,GAP_STOP,-10199.067586210767,-1.7901537034879476,BASELINE
BASE_3_INFY.NS_2023-09-12_2023-09-27,INFY.NS,2023-09-12,2023-09-27,1483.2412499999998,1452.479145461261,115,STOP,-3932.163103949963,-1.1384102394858813,BASELINE
BASE_3_TECHM.NS_2023-09-15_2023-09-28,TECHM.NS,2023-09-15,2023-09-28,1278.8390511474609,1240.7362418411005,130,STOP,-5336.780454030885,-1.0952460922549336,BASELINE
BASE_3_EICHERMOT.NS_2023-09-26_2023-10-03,EICHERMOT.NS,2023-09-26,2023-10-03,3406.7525738525387,3309.428460974019,7,STOP,-751.8021393535124,-1.1226289327555377,BASELINE
BASE_3_BAJFINANCE.NS_2023-09-25_2023-10-04,BAJFINANCE.NS,2023-09-25,2023-10-04,757.87875,802.09875,351,GAP_TARGET,14894.21348014497,2.0014655216930333,BASELINE
BASE_3_BAJAJFINSV.NS_2023-09-08_2023-10-06,BAJAJFINSV.NS,2023-09-08,2023-10-06,1530.7649999999999,1609.7366288215699,177,TARGET,13341.589786715975,1.8896751741471127,BASELINE
BASE_3_TCS.NS_2023-09-12_2023-10-09,TCS.NS,2023-09-12,2023-10-09,3493.7459999999996,3643.227523803711,83,GAP_TARGET,11729.792695326541,1.9226564036943108,BASELINE
BASE_3_GRASIM.NS_2023-10-12_2023-10-19,GRASIM.NS,2023-10-12,2023-10-19,1984.0066442871093,1924.2432608763647,129,STOP,-8289.883564497823,-1.0928879305234,BASELINE
BASE_3_HEROMOTOCO.NS_2023-10-19_2023-11-02,HEROMOTOCO.NS,2023-10-19,2023-11-02,3151.0747499999998,3048.296775362086,74,STOP,-8135.3738726443535,-1.0857694636110171,BASELINE
BASE_3_COALINDIA.NS_2023-11-09_2023-11-13,COALINDIA.NS,2023-11-09,2023-11-13,318.60923721313475,339.3173198963247,722,TARGET,14404.996642601385,1.9112640071050215,BASELINE
BASE_3_BAJAJ-AUTO.NS_2023-10-19_2023-11-17,BAJAJ-AUTO.NS,2023-10-19,2023-11-17,5302.65,5626.514065360934,46,TARGET,14320.620571750856,1.905957200076252,BASELINE
BASE_3_BHARTIARTL.NS_2023-09-15_2023-11-20,BHARTIARTL.NS,2023-09-15,2023-11-20,913.0562755737304,960.361020555116,313,TARGET,14136.06436560133,1.8902579607926728,BASELINE
BASE_3_HEROMOTOCO.NS_2023-11-16_2023-11-22,HEROMOTOCO.NS,2023-11-16,2023-11-22,3187.593,3395.565055571772,73,TARGET,14629.557343933722,1.9116157589092169,BASELINE
BASE_3_BAJAJ-AUTO.NS_2023-11-21_2023-11-23,BAJAJ-AUTO.NS,2023-11-21,2023-11-23,5643.32025,5925.764926126017,54,TARGET,14538.995371302673,1.886700255159552,BASELINE
BASE_3_TATACONSUM.NS_2023-10-13_2023-11-30,TATACONSUM.NS,2023-10-13,2023-11-30,890.695125,940.8557320942293,299,TARGET,14370.884840470277,1.8985563555684868,BASELINE
BASE_3_ADANIPORTS.NS_2023-11-28_2023-12-04,ADANIPORTS.NS,2023-11-28,2023-12-04,806.4029999999999,864.749251154256,268,TARGET,15120.86219719283,1.9197767635229144,BASELINE
BASE_3_HUL.NS_2023-11-30_2023-12-04,HUL.NS,2023-11-30,2023-12-04,2517.4079772949217,2603.7854776541244,127,TARGET,10228.013414774281,1.837032343622619,BASELINE
BASE_3_AXISBANK.NS_2023-11-30_2023-12-04,AXISBANK.NS,2023-11-30,2023-12-04,1063.231301147461,1119.93975,102,GAP_TARGET,5518.485850106212,1.920198808987408,BASELINE
BASE_3_ICICIBANK.NS_2023-12-04_2023-12-05,ICICIBANK.NS,2023-12-04,2023-12-05,964.1818622131348,1009.0111173052883,334,TARGET,14221.699230395929,1.878498503434521,BASELINE
BASE_3_WIPRO.NS_2023-11-29_2023-12-06,WIPRO.NS,2023-11-29,2023-12-06,199.09949999999998,208.50120699080819,1595,TARGET,14254.394543664923,1.8802683182283049,BASELINE
BASE_3_GRASIM.NS_2023-11-29_2023-12-07,GRASIM.NS,2023-11-29,2023-12-07,1981.2163093872068,2077.049826954032,160,TARGET,14592.95197598699,1.8830089338928797,BASELINE
BASE_3_POWERGRID.NS_2023-12-05_2023-12-07,POWERGRID.NS,2023-12-05,2023-12-07,213.8068469467163,226.5772985621318,34,TARGET,399.4440944217268,1.8237412116021234,BASELINE
BASE_3_HCLTECH.NS_2023-11-16_2023-12-08,HCLTECH.NS,2023-11-16,2023-12-08,1284.441948852539,1350.6016435777499,229,TARGET,14461.283551342704,1.8897103268737014,BASELINE
BASE_3_HDFCBANK.NS_2023-12-04_2023-12-08,HDFCBANK.NS,2023-12-04,2023-12-08,794.3969999999999,826.6267214457391,406,TARGET,12334.868177286728,1.8614235139984932,BASELINE
BASE_3_KOTAKBANK.NS_2023-12-04_2023-12-11,KOTAKBANK.NS,2023-12-04,2023-12-11,354.17699999999996,369.0428320684158,87,TARGET,1205.2190958799492,1.8408880704502035,BASELINE
BASE_3_SBIN.NS_2023-12-05_2023-12-14,SBIN.NS,2023-12-05,2023-12-14,595.3475127868652,625.687,553,GAP_TARGET,16008.566174922413,2.0497202935719367,BASELINE
BASE_3_RELIANCE.NS_2023-12-06_2023-12-18,RELIANCE.NS,2023-12-06,2023-12-18,1224.161823852539,1265.674754758807,270,TARGET,10442.219418394252,1.8352777897491552,BASELINE
BASE_3_UPL.NS_2023-12-11_2023-12-20,UPL.NS,2023-12-11,2023-12-20,585.2925,568.969032914689,526,STOP,-9281.351409438594,-1.100151537753005,BASELINE
BASE_3_TATASTEEL.NS_2023-12-15_2023-12-20,TATASTEEL.NS,2023-12-15,2023-12-20,133.46669389343262,129.83987836064895,2389,STOP,-9384.073946269975,-1.1028032723409098,BASELINE
BASE_3_TATACONSUM.NS_2023-12-19_2023-12-20,TATACONSUM.NS,2023-12-19,2023-12-20,953.4765,998.3806912587047,361,TARGET,15408.456435278775,1.8801449823225804,BASELINE
BASE_4_SUNPHARMA.NS_2024-01-02_2024-01-04,SUNPHARMA.NS,2024-01-02,2024-01-04,1261.6305,1326.0350814440708,153,TARGET,9395.422225823635,1.8875039603001207,BASELINE
BASE_4_CIPLA.NS_2024-01-02_2024-01-10,CIPLA.NS,2024-01-02,2024-01-10,1255.7275255737304,1323.1466904302927,146,TARGET,9406.330424173655,1.8926530242306896,BASELINE
BASE_4_HCLTECH.NS_2024-01-12_2024-01-15,HCLTECH.NS,2024-01-12,2024-01-15,1505.7524999999998,1609.1950000000002,103,GAP_TARGET,10279.803619499255,2.0297764995266943,BASELINE
BASE_4_BAJFINANCE.NS_2024-01-04_2024-01-17,BAJFINANCE.NS,2024-01-04,2024-01-17,756.3779999999999,729.9648520812989,217,GAP_STOP,-6109.546487123139,-1.2096823917885633,BASELINE
BASE_4_ITC.NS_2024-01-03_2024-01-18,ITC.NS,2024-01-03,2024-01-18,453.03728800964353,442.03187122471894,445,STOP,-5359.661711200442,-1.116826726765748,BASELINE
BASE_4_TITAN.NS_2024-01-16_2024-01-31,TITAN.NS,2024-01-16,2024-01-31,3760.729522705078,3666.750726880811,54,STOP,-5540.214881299904,-1.1134312757177667,BASELINE
BASE_4_TECHM.NS_2024-01-15_2024-02-28,TECHM.NS,2024-01-15,2024-02-28,1335.6675,1281.9080594837815,96,STOP,-5459.372784718784,-1.070602977312791,BASELINE
BASE_4_TATASTEEL.NS_2024-03-01_2024-03-04,TATASTEEL.NS,2024-03-01,2024-03-04,143.0715,154.82254389953613,863,GAP_TARGET,9837.375053373324,1.9487107072707783,BASELINE
BASE_4_AXISBANK.NS_2024-03-06_2024-03-14,AXISBANK.NS,2024-03-06,2024-03-14,1100.750051147461,1063.086440319737,138,STOP,-5548.772779364907,-1.082858804504081,BASELINE
BASE_4_INDUSINDBK.NS_2024-03-06_2024-03-14,INDUSINDBK.NS,2024-03-06,2024-03-14,1543.221176147461,1470.814273803711,90,GAP_STOP,-6837.4460940619365,-1.340577527240792,BASELINE
BASE_4_TCS.NS_2024-02-06_2024-03-18,TCS.NS,2024-02-06,2024-03-18,3998.9984999999997,4241.889330310784,41,TARGET,9564.715955037178,1.9042737419774745,BASELINE
BASE_4_CIPLA.NS_2024-03-11_2024-03-19,CIPLA.NS,2024-03-11,2024-03-19,1493.7465,1446.0262845142354,110,STOP,-5628.015266227344,-1.0886641406796016,BASELINE
BASE_4_MARUTI.NS_2024-03-20_2024-03-22,MARUTI.NS,2024-03-20,2024-03-22,11656.975965820311,12367.83589675968,14,TARGET,9559.934073133418,1.9046240724935193,BASELINE
BASE_4_LT.NS_2024-03-01_2024-03-28,LT.NS,2024-03-01,2024-03-28,3503.4007272949216,3749.845320798788,40,TARGET,9517.166167179941,1.9163073380084463,BASELINE
BASE_4_BAJAJFINSV.NS_2024-03-28_2024-04-08,BAJAJFINSV.NS,2024-03-28,2024-04-08,1588.7939999999999,1698.3564792124148,93,TARGET,9831.364397020687,1.91489180367302,BASELINE
BASE_4_TITAN.NS_2024-03-01_2024-04-18,TITAN.NS,2024-03-01,2024-04-18,3631.8149999999996,3505.596176559068,40,STOP,-5385.326083509733,-1.0816935800411107,BASELINE
BASE_4_BHARTIARTL.NS_2024-04-18_2024-04-23,BHARTIARTL.NS,2024-04-18,2024-04-23,1220.61,1309.345,122,GAP_TARGET,10464.485277916256,2.014777220210788,BASELINE
BASE_4_GRASIM.NS_2024-03-28_2024-04-24,GRASIM.NS,2024-03-28,2024-04-24,2211.105,2376.849662025692,61,TARGET,9781.26233801143,1.921104975409937,BASELINE
BASE_4_SBIN.NS_2024-04-25_2024-04-29,SBIN.NS,2024-04-25,2024-04-29,771.0353494262695,822.6594677834469,202,TARGET,10052.070197177736,1.9126395099566933,BASELINE
BASE_4_HDFCBANK.NS_2024-04-04_2024-05-09,HDFCBANK.NS,2024-04-04,2024-05-09,752.376,733.2051818073206,276,STOP,-5766.478753190781,-1.1110935531729433,BASELINE
BASE_4_COALINDIA.NS_2024-05-03_2024-05-13,COALINDIA.NS,2024-05-03,2024-05-13,458.1289438934326,439.8569652126899,295,STOP,-5703.890911085364,-1.0710883836200336,BASELINE
BASE_4_TATASTEEL.NS_2024-05-21_2024-06-04,TATASTEEL.NS,2024-05-21,2024-06-04,168.58425,161.71057735049897,773,STOP,-5616.31773750454,-1.0696084466195437,BASELINE
BASE_4_RELIANCE.NS_2024-06-03_2024-06-04,RELIANCE.NS,2024-06-03,2024-06-04,1483.7414999999999,1440.1486062690317,122,STOP,-5734.275948486928,-1.096327636396741,BASELINE
BASE_4_HDFCBANK.NS_2024-06-03_2024-06-04,HDFCBANK.NS,2024-06-03,2024-06-04,799.8997499999999,778.11075,248,GAP_STOP,-5858.207469258273,-1.1194446464920944,BASELINE
BASE_4_ICICIBANK.NS_2024-06-03_2024-06-04,ICICIBANK.NS,2024-06-03,2024-06-04,1170.585,1135.1728206875628,150,STOP,-5715.679487726214,-1.0935653783333463,BASELINE
BASE_4_SBIN.NS_2024-06-03_2024-06-04,SBIN.NS,2024-06-03,2024-06-04,863.9817627868651,829.997829857175,156,STOP,-5614.425408478684,-1.072126062318377,BASELINE
BASE_4_AXISBANK.NS_2024-06-03_2024-06-04,AXISBANK.NS,2024-06-03,2024-06-04,1197.648573852539,1154.4419121556462,123,STOP,-5655.258230800617,-1.0785508754348319,BASELINE
BASE_4_DRREDDY.NS_2024-06-27_2024-06-28,DRREDDY.NS,2024-06-27,2024-06-28,1200.6,1275.0550143766438,135,TARGET,9661.707018692248,1.906125279268743,BASELINE
BASE_4_HCLTECH.NS_2024-07-12_2024-07-15,HCLTECH.NS,2024-07-12,2024-07-15,1530.7649999999999,1625.0650814921441,109,TARGET,9878.118220890374,1.9056263238754216,BASELINE
BASE_4_ITC.NS_2024-07-09_2024-07-18,ITC.NS,2024-07-09,2024-07-18,431.21635491943357,451.5508630181154,475,TARGET,9174.324491013822,1.8787932784828678,BASELINE
BASE_4_COALINDIA.NS_2024-07-11_2024-07-23,COALINDIA.NS,2024-07-11,2024-07-23,492.246,473.43649937379416,278,STOP,-5546.645945682672,-1.074265053107696,BASELINE
BASE_4_HUL.NS_2024-07-16_2024-07-23,HUL.NS,2024-07-16,2024-07-23,2627.262926147461,2774.809031202897,70,TARGET,9889.580646171387,1.8972099099129747,BASELINE
BASE_4_BAJAJFINSV.NS_2024-07-18_2024-07-24,BAJAJFINSV.NS,2024-07-18,2024-07-24,1606.8029999999999,1564.6735229720587,128,STOP,-5863.377329942686,-1.107889655322495,BASELINE
BASE_4_SUNPHARMA.NS_2024-07-24_2024-07-26,SUNPHARMA.NS,2024-07-24,2024-07-26,1602.801,1692.0716067892527,117,TARGET,9997.828190076727,1.8964559534314627,BASELINE
BASE_4_APOLLOHOSP.NS_2024-07-18_2024-07-29,APOLLOHOSP.NS,2024-07-18,2024-07-29,6435.215999999999,6773.6115,22,GAP_TARGET,7103.385063624932,2.0138437970210386,BASELINE
BASE_4_ASIANPAINT.NS_2024-07-10_2024-07-31,ASIANPAINT.NS,2024-07-10,2024-07-31,2901.500073852539,3053.7297603903116,66,TARGET,9591.890154158722,1.8904033122953594,BASELINE
BASE_4_CIPLA.NS_2024-07-26_2024-08-13,CIPLA.NS,2024-07-26,2024-08-13,1505.502375,1600.5410432642402,109,TARGET,9964.67656747215,1.9077562912244215,BASELINE
BASE_4_BAJAJ-AUTO.NS_2024-08-23_2024-08-28,BAJAJ-AUTO.NS,2024-08-23,2024-08-28,9974.984999999999,10606.465749023819,17,TARGET,10328.04357737429,1.9081178589469923,BASELINE
BASE_4_BAJFINANCE.NS_2024-08-29_2024-09-02,BAJFINANCE.NS,2024-08-29,2024-09-02,689.2494818115234,727.0363244018555,294,GAP_TARGET,10628.134175036208,1.9473111835611572,BASELINE
BASE_4_DIVISLAB.NS_2024-08-28_2024-09-10,DIVISLAB.NS,2024-08-28,2024-09-10,4884.5411477050775,5274.113844561998,27,TARGET,10195.550201062058,1.9255599672538062,BASELINE
BASE_4_BRITANNIA.NS_2024-07-09_2024-09-11,BRITANNIA.NS,2024-07-09,2024-09-11,5702.849999999999,6018.978630341168,32,TARGET,9680.847915276976,1.8958880283616524,BASELINE
BASE_4_ASIANPAINT.NS_2024-09-04_2024-09-11,ASIANPAINT.NS,2024-09-04,2024-09-11,3157.07775,3328.799275935563,64,TARGET,10510.410577840603,1.894321884709596,BASELINE
BASE_4_ICICIBANK.NS_2024-09-03_2024-09-18,ICICIBANK.NS,2024-09-03,2024-09-18,1227.8135511474609,1289.32395620245,178,TARGET,10432.364976204299,1.8858796461171687,BASELINE
BASE_4_HUL.NS_2024-09-09_2024-09-23,HUL.NS,2024-09-09,2024-09-23,2854.526647705078,3002.571085897971,74,TARGET,10455.096881297855,1.8895141891215574,BASELINE
BASE_4_POWERGRID.NS_2024-09-24_2024-09-25,POWERGRID.NS,2024-09-24,2024-09-25,344.7222627868652,363.6705634864868,611,TARGET,11077.932244843129,1.8955156211440518,BASELINE
BASE_4_BRITANNIA.NS_2024-09-12_2024-09-27,BRITANNIA.NS,2024-09-12,2024-09-27,6021.659227294922,6317.206920794995,37,TARGET,10409.31986876385,1.8836662240202142,BASELINE
BASE_4_MARUTI.NS_2024-09-26_2024-09-27,MARUTI.NS,2024-09-26,2024-09-27,12841.4175,13521.004784685223,17,TARGET,11036.418683841928,1.8917461741246386,BASELINE
BASE_4_ICICIBANK.NS_2024-09-20_2024-10-03,ICICIBANK.NS,2024-09-20,2024-10-03,1295.6475,1252.9731755981445,153,GAP_STOP,-6982.223155804259,-1.2467859688388547,BASELINE
BASE_4_KOTAKBANK.NS_2024-09-20_2024-10-03,KOTAKBANK.NS,2024-09-20,2024-10-03,374.9873877868652,366.0554593348547,2,STOP,-37.617701003758256,-2.1498755032939543,BASELINE
BASE_4_JSWSTEEL.NS_2024-09-24_2024-10-03,JSWSTEEL.NS,2024-09-24,2024-10-03,991.7956377868652,1057.4284786516603,11,TARGET,678.7990369857321,1.8653961980336928,BASELINE
BASE_4_EICHERMOT.NS_2024-09-27_2024-10-03,EICHERMOT.NS,2024-09-27,2024-10-03,4992.495,4841.661156744487,40,STOP,-6490.18666255416,-1.093273343177697,BASELINE
BASE_4_APOLLOHOSP.NS_2024-09-12_2024-10-04,APOLLOHOSP.NS,2024-09-12,2024-10-04,6946.4715,6736.689066132937,27,STOP,-6094.278849726426,-1.0935100156203599,BASELINE
BASE_4_NTPC.NS_2024-09-19_2024-10-07,NTPC.NS,2024-09-19,2024-10-07,424.212,408.90237608323565,380,STOP,-6188.924309025104,-1.0782235654082006,BASELINE
BASE_4_SUNPHARMA.NS_2024-09-27_2024-10-18,SUNPHARMA.NS,2024-09-27,2024-10-18,1918.9089261474608,1874.4228701041977,124,STOP,-6058.864336365959,-1.1220122060227007,BASELINE
BASE_4_WIPRO.NS_2024-09-13_2024-10-30,WIPRO.NS,2024-09-13,2024-10-30,267.0334438934326,286.23477935412416,593,TARGET,11003.596869272998,1.9184563206637444,BASELINE
BASE_4_HCLTECH.NS_2024-10-15_2024-10-31,HCLTECH.NS,2024-10-15,2024-10-31,1830.915,1769.798591741657,96,STOP,-6270.851982952451,-1.0845130070634643,BASELINE
BASE_4_ICICIBANK.NS_2024-12-05_2024-12-20,ICICIBANK.NS,2024-12-05,2024-12-20,1316.908125,1279.9176064248554,159,STOP,-6360.072789457612,-1.1004179944830477,BASELINE
BASE_4_DRREDDY.NS_2024-12-19_2024-12-20,DRREDDY.NS,2024-12-19,2024-12-20,1275.6374999999998,1364.1050719261825,130,TARGET,11101.197792653636,1.915734426659901,BASELINE
BASE_4_LT.NS_2024-12-03_2024-12-30,LT.NS,2024-12-03,2024-12-30,3722.8605,3597.533975636675,46,STOP,-6158.739257645183,-1.0838585122279079,BASELINE
BASE_5_BAJFINANCE.NS_2025-01-02_2025-01-03,BAJFINANCE.NS,2025-01-02,2025-01-03,698.3489999999999,748.3932915257797,198,TARGET,9572.250423031745,1.9177298394973907,BASELINE
BASE_5_EICHERMOT.NS_2025-01-02_2025-01-03,EICHERMOT.NS,2025-01-02,2025-01-03,4887.4425,5322.337500000001,26,GAP_TARGET,10994.254057376731,2.25500941279733,BASELINE
BASE_5_ITC.NS_2025-01-02_2025-01-06,ITC.NS,2025-01-02,2025-01-06,467.58459709167477,455.13692165031284,409,STOP,-5530.064623845333,-1.106460555777322,BASELINE
BASE_5_M&M.NS_2025-01-02_2025-01-15,M&M.NS,2025-01-02,2025-01-15,3101.5499999999997,2980.535414596726,41,STOP,-5257.90837893899,-1.0729403868202534,BASELINE
BASE_5_HUL.NS_2025-02-01_2025-02-05,HUL.NS,2025-02-01,2025-02-05,2476.2374999999997,2390.1999816332186,59,STOP,-5414.597502663493,-1.08169342027427,BASELINE
BASE_5_JSWSTEEL.NS_2025-02-07_2025-03-07,JSWSTEEL.NS,2025-02-07,2025-03-07,951.4254872131347,1019.6383897937928,146,TARGET,9621.097146390046,1.9177843777004646,BASELINE
BASE_5_KOTAKBANK.NS_2025-03-21_2025-03-24,KOTAKBANK.NS,2025-03-21,2025-03-24,408.20399999999995,430.1114666386081,459,TARGET,9609.459934889053,1.8926902094005869,BASELINE
BASE_5_CIPLA.NS_2025-03-21_2025-03-26,CIPLA.NS,2025-03-21,2025-03-26,1514.6569744262695,1472.966261732309,124,STOP,-5600.900822918657,-1.1029132240325208,BASELINE
BASE_5_BAJFINANCE.NS_2025-03-21_2025-04-01,BAJFINANCE.NS,2025-03-21,2025-04-01,904.446992614746,871.5156515519059,156,STOP,-5464.458355477714,-1.0779561618464468,BASELINE
BASE_5_UPL.NS_2025-03-21_2025-04-01,UPL.NS,2025-03-21,2025-04-01,649.3245,620.9893377990722,188,GAP_STOP,-5611.59761938364,-1.1105268042721876,BASELINE
BASE_5_JSWSTEEL.NS_2025-03-19_2025-04-04,JSWSTEEL.NS,2025-03-19,2025-04-04,1036.518,1002.6181425558331,151,STOP,-5480.429029120779,-1.0867090419776033,BASELINE
BASE_5_HDFCBANK.NS_2025-03-25_2025-04-07,HDFCBANK.NS,2025-03-25,2025-04-07,902.9012372131347,880.9593244018555,228,GAP_STOP,-5474.390422203053,-1.1441446181979016,BASELINE
BASE_5_ASIANPAINT.NS_2025-03-25_2025-04-07,ASIANPAINT.NS,2025-03-25,2025-04-07,2326.1625,2188.905,82,GAP_STOP,-11686.567881069137,-2.2725256418276376,BASELINE
BASE_5_TATACONSUM.NS_2025-04-02_2025-04-11,TATACONSUM.NS,2025-04-02,2025-04-11,1018.5089999999999,1124.4375,126,GAP_TARGET,13029.050759817428,2.612886119914695,BASELINE
BASE_5_GRASIM.NS_2025-05-15_2025-05-26,GRASIM.NS,2025-05-15,2025-05-26,2735.667198852539,2639.9184598257284,52,STOP,-5308.855172872221,-1.0811754937362479,BASELINE
BASE_5_HINDALCO.NS_2025-05-15_2025-06-02,HINDALCO.NS,2025-05-15,2025-06-02,649.82475,620.9158861262476,174,STOP,-5294.97497181187,-1.0640822420442189,BASELINE
BASE_5_BAJFINANCE.NS_2025-06-06_2025-06-09,BAJFINANCE.NS,2025-06-06,2025-06-09,894.9472499999999,954.5225,165,GAP_TARGET,9472.547550369727,1.9177114037695775,BASELINE
BASE_5_ADANIENT.NS_2025-06-10_2025-06-13,ADANIENT.NS,2025-06-10,2025-06-13,2601.2999999999997,2496.751,51,GAP_STOP,-5640.186529544752,-1.142095477432738,BASELINE
BASE_5_TECHM.NS_2025-06-11_2025-06-17,TECHM.NS,2025-06-11,2025-06-17,1618.809,1719.6528020722606,98,TARGET,9500.808471381773,1.9064534208606934,BASELINE
BASE_5_ONGC.NS_2025-06-16_2025-06-24,ONGC.NS,2025-06-16,2025-06-24,254.11700049591062,245.82068739754828,546,STOP,-4852.360026774336,-1.087328423459305,BASELINE
BASE_5_EICHERMOT.NS_2025-06-19_2025-07-01,EICHERMOT.NS,2025-06-19,2025-07-01,5412.705,5722.045963252715,31,TARGET,9187.599637607518,1.8985966538621057,BASELINE
BASE_5_APOLLOHOSP.NS_2025-07-01_2025-07-11,APOLLOHOSP.NS,2025-07-01,2025-07-11,7478.737499999999,7270.27154730659,23,STOP,-5191.136529515521,-1.1019025135887712,BASELINE
BASE_5_HCLTECH.NS_2025-06-11_2025-07-14,HCLTECH.NS,2025-06-11,2025-07-14,1676.838,1621.8545772138245,92,STOP,-5415.085299229065,-1.0865304071013657,BASELINE
BASE_5_UPL.NS_2025-07-01_2025-07-21,UPL.NS,2025-07-01,2025-07-21,665.3325,706.0972163959718,7,TARGET,256.5771177180444,1.7828652173951345,BASELINE
BASE_5_HDFCBANK.NS_2025-06-06_2025-07-24,HDFCBANK.NS,2025-06-06,2025-07-24,972.486,1018.3405505981445,203,GAP_TARGET,8840.790080899837,1.8857188047539053,BASELINE
BASE_5_HUL.NS_2025-07-11_2025-07-24,HUL.NS,2025-07-11,2025-07-24,2501.25,2438.76326542171,66,STOP,-4505.801910024259,-1.1143031704074033,BASELINE
BASE_5_INFY.NS_2025-06-11_2025-07-25,INFY.NS,2025-06-11,2025-07-25,1590.8950255737304,1542.0968851717535,104,STOP,-5456.521684396004,-1.09244540720619,BASELINE
BASE_5_TATASTEEL.NS_2025-07-02_2025-08-01,TATASTEEL.NS,2025-07-02,2025-08-01,160.14002755737303,155.0405594331535,2,STOP,-29.0032344600392,-2.887670215130953,BASELINE
BASE_5_HEROMOTOCO.NS_2025-07-15_2025-08-05,HEROMOTOCO.NS,2025-07-15,2025-08-05,4277.937704589844,4565.831655212413,34,TARGET,9436.007721353739,1.9128233756785877,BASELINE
BASE_5_ASIANPAINT.NS_2025-08-18_2025-08-25,ASIANPAINT.NS,2025-08-18,2025-08-25,2551.2749999999996,2477.222503044652,69,STOP,-5514.688266733435,-1.0976436390235895,BASELINE
BASE_5_EICHERMOT.NS_2025-08-18_2025-08-26,EICHERMOT.NS,2025-08-18,2025-08-26,5882.94,6192.74914288666,30,TARGET,8873.23686637735,1.8904946161599168,BASELINE
BASE_5_M&M.NS_2025-08-18_2025-08-29,M&M.NS,2025-08-18,2025-08-29,3351.6749999999997,3237.188761985928,44,STOP,-5378.884247523074,-1.0831115306785526,BASELINE
BASE_5_JSWSTEEL.NS_2025-06-26_2025-09-08,JSWSTEEL.NS,2025-06-26,2025-09-08,1030.5149999999999,1096.72717052749,3,TARGET,173.43984280307012,1.7319526917801717,BASELINE
BASE_5_SBIN.NS_2025-05-30_2025-09-17,SBIN.NS,2025-05-30,2025-09-17,798.399,843.3351416019916,218,TARGET,9379.950965337492,1.8972299893092905,BASELINE
BASE_5_TECHM.NS_2025-09-18_2025-09-22,TECHM.NS,2025-09-18,2025-09-22,1556.778,1498.2505,119,GAP_STOP,-7388.452950585394,-1.4535868698751921,BASELINE
BASE_5_AXISBANK.NS_2025-09-16_2025-09-23,AXISBANK.NS,2025-09-16,2025-09-23,1106.2528011474608,1155.654909632568,181,TARGET,8468.201514739632,1.872166190910389,BASELINE
BASE_5_ULTRACEMCO.NS_2025-08-18_2025-09-24,ULTRACEMCO.NS,2025-08-18,2025-09-24,12634.313999999998,12306.556108570865,15,STOP,-5351.666082476166,-1.1093782205159333,BASELINE
BASE_5_BHARTIARTL.NS_2025-09-19_2025-09-30,BHARTIARTL.NS,2025-09-19,2025-09-30,1931.1650511474609,1886.4848989698885,71,STOP,-3492.630836926343,-1.1247368558876663,BASELINE
BASE_5_NTPC.NS_2025-09-24_2025-10-06,NTPC.NS,2025-09-24,2025-10-06,343.4716377868652,335.783931640909,590,STOP,-5000.706056571552,-1.1271379106231711,BASELINE
BASE_5_LT.NS_2025-09-26_2025-10-16,LT.NS,2025-09-26,2025-10-16,3665.832,3846.361481207245,55,TARGET,9451.420137882,1.8837006217953827,BASELINE
BASE_5_TATACONSUM.NS_2025-09-17_2025-10-17,TATACONSUM.NS,2025-09-17,2025-10-17,1103.6515255737304,1171.2822871070464,148,TARGET,9616.87006334353,1.9050718058383427,BASELINE
BASE_5_KOTAKBANK.NS_2025-10-16_2025-10-20,KOTAKBANK.NS,2025-10-16,2025-10-20,430.7952765655517,451.6940474970927,469,TARGET,9323.013969775759,1.8820116257060786,BASELINE
BASE_5_GRASIM.NS_2025-06-24_2025-10-27,GRASIM.NS,2025-06-24,2025-10-27,2747.373,2917.4471463549053,48,TARGET,7843.1129726958425,1.905144965884885,BASELINE
BASE_5_ADANIPORTS.NS_2025-10-16_2025-10-27,ADANIPORTS.NS,2025-10-16,2025-10-27,1454.7269999999999,1413.590463131372,124,STOP,-5515.694840750169,-1.100224666698162,BASELINE
BASE_5_RELIANCE.NS_2025-10-20_2025-10-29,RELIANCE.NS,2025-10-20,2025-10-29,1440.72,1502.3762406603028,142,TARGET,8272.105550747201,1.8668903625174926,BASELINE
BASE_5_CIPLA.NS_2025-10-20_2025-10-30,CIPLA.NS,2025-10-20,2025-10-30,1590.7949999999998,1546.1022041364406,65,STOP,-3150.5294211667206,-1.1036063722874283,BASELINE
BASE_5_APOLLOHOSP.NS_2025-10-17_2025-10-31,APOLLOHOSP.NS,2025-10-17,2025-10-31,7853.924999999999,7667.017594235009,26,STOP,-5327.677824463728,-1.1192902725507017,BASELINE
BASE_5_ITC.NS_2025-10-23_2025-11-04,ITC.NS,2025-10-23,2025-11-04,416.20799999999997,408.65002855616797,3,STOP,-43.53392593154466,-1.9733761323407186,BASELINE
BASE_5_NTPC.NS_2025-10-29_2025-11-04,NTPC.NS,2025-10-29,2025-11-04,339.419625,331.24506081958054,614,STOP,-5496.46448260851,-1.117749329589545,BASELINE
BASE_5_LT.NS_2025-10-28_2025-11-07,LT.NS,2025-10-28,2025-11-07,3924.061147705078,3838.2469335227183,53,STOP,-5024.970263708066,-1.130123870777103,BASELINE
BASE_5_BAJAJFINSV.NS_2025-10-20_2025-11-11,BAJAJFINSV.NS,2025-10-20,2025-11-11,2089.044,2034.2004140840008,95,STOP,-5665.064519558672,-1.1078713574762082,BASELINE
BASE_5_UPL.NS_2025-11-03_2025-11-12,UPL.NS,2025-11-03,2025-11-12,720.4600255737304,764.3943374624756,186,TARGET,7846.577323326481,1.9038375758221562,BASELINE
BASE_5_TATASTEEL.NS_2025-10-28_2025-11-14,TATASTEEL.NS,2025-10-28,2025-11-14,177.43868110656737,172.07634875956282,599,STOP,-3463.642512128176,-1.0959248653798332,BASELINE
BASE_5_INFY.NS_2025-11-12_2025-11-14,INFY.NS,2025-11-12,2025-11-14,1540.77,1498.8560940032778,123,STOP,-5590.459741857848,-1.1041390154172828,BASELINE
BASE_5_TITAN.NS_2025-11-19_2025-12-03,TITAN.NS,2025-11-19,2025-12-03,3884.8413522949218,3786.8808353914433,51,STOP,-5450.3923468041285,-1.1124674113580113,BASELINE
BASE_5_HCLTECH.NS_2025-11-19_2025-12-05,HCLTECH.NS,2025-11-19,2025-12-05,1596.097698852539,1686.1874424483851,110,TARGET,9490.23906967239,1.8975433523702918,BASELINE
BASE_5_WIPRO.NS_2025-12-03_2025-12-08,WIPRO.NS,2025-12-03,2025-12-08,250.72530610656736,262.38054731939667,809,TARGET,8949.198729015998,1.8770717436205404,BASELINE
BASE_5_DRREDDY.NS_2025-12-03_2025-12-09,DRREDDY.NS,2025-12-03,2025-12-09,1284.2417755737304,1252.5331634017302,37,STOP,-1295.9851506758753,-1.1269091208534912,BASELINE
BASE_5_SUNPHARMA.NS_2025-11-27_2025-12-18,SUNPHARMA.NS,2025-11-27,2025-12-18,1803.0010255737304,1765.3899663191971,113,STOP,-4717.736812490958,-1.1367341309738286,BASELINE
BASE_5_COALINDIA.NS_2025-12-23_2025-12-24,COALINDIA.NS,2025-12-23,2025-12-24,387.6437372131347,403.9862217744688,1,TARGET,-2.639504853508811,-0.31907791649353595,BASELINE
BASE_5_HINDALCO.NS_2025-12-12_2025-12-29,HINDALCO.NS,2025-12-12,2025-12-29,831.2153877868652,885.557,196,GAP_TARGET,10258.74744345473,2.0200099070233657,BASELINE
