trade_id,symbol,entry_date,net_pnl,r_net
HUL.NS_2021-03-19_2021-03-22,HUL.NS,2021-03-19,8991.883899556544,1.8185826669619447
RELIANCE.NS_2021-05-28_2021-05-31,RELIANCE.NS,2021-05-28,9156.76186874512,1.81565077783429
LT.NS_2021-07-15_2021-07-22,LT.NS,2021-07-15,9168.69201664603,1.8035975945649603
HUL.NS_2021-06-18_2021-07-23,HUL.NS,2021-06-18,-6212.325045607566,-1.2224581059188975
BAJAJFINSV.NS_2021-07-09_2021-07-26,BAJAJFINSV.NS,2021-07-09,9404.08614061757,1.846389113989139
SBIN.NS_2021-07-29_2021-08-04,SBIN.NS,2021-07-29,9344.23083664007,1.8188309088999668
HCLTECH.NS_2021-07-15_2021-08-05,HCLTECH.NS,2021-07-15,9152.96568635023,1.797237702097695
TCS.NS_2021-08-13_2021-08-17,TCS.NS,2021-08-13,8614.113540605375,1.7547204945491102
HUL.NS_2021-08-20_2021-08-23,HUL.NS,2021-08-20,9423.601102391389,1.792954871727531
ASIANPAINT.NS_2021-07-20_2021-08-31,ASIANPAINT.NS,2021-07-20,9081.16001054031,1.7987461346199283
DIVISLAB.NS_2021-08-30_2021-09-01,DIVISLAB.NS,2021-08-30,9472.453061341965,1.8164716237427432
NTPC.NS_2021-09-15_2021-09-16,NTPC.NS,2021-09-15,10709.048941098896,1.9731288956598911
ITC.NS_2021-09-16_2021-09-17,ITC.NS,2021-09-16,12672.544269728056,2.3136720531919983
MARUTI.NS_2021-09-27_2021-09-28,MARUTI.NS,2021-09-27,10224.054409476363,1.903903915459395
ADANIPORTS.NS_2021-10-14_2021-10-18,ADANIPORTS.NS,2021-10-14,10329.019072107414,1.85232956895604
AXISBANK.NS_2021-10-25_2021-10-27,AXISBANK.NS,2021-10-25,-6502.957138611486,-1.1546471007874395
LT.NS_2021-10-19_2021-10-29,LT.NS,2021-10-19,-6552.250353628468,-1.162952839517756
HCLTECH.NS_2021-12-21_2021-12-24,HCLTECH.NS,2021-12-21,11580.311767475216,2.0865412589595738
INFY.NS_2021-12-17_2022-01-17,INFY.NS,2021-12-17,10141.394753596202,1.8197377636492702
HEROMOTOCO.NS_2022-08-17_2022-09-16,HEROMOTOCO.NS,2022-08-17,-6537.540004027868,-1.1586044775097983
BRITANNIA.NS_2022-11-07_2022-11-09,BRITANNIA.NS,2022-11-07,10124.048388335552,1.8248702621201045
BAJAJ-AUTO.NS_2023-01-27_2023-02-27,BAJAJ-AUTO.NS,2023-01-27,-6740.874118403926,-1.184242887560643
KOTAKBANK.NS_2023-05-31_2023-06-01,KOTAKBANK.NS,2023-05-31,-6791.131811032914,-1.1974693789470419
NTPC.NS_2023-06-08_2023-06-16,NTPC.NS,2023-06-08,10061.735306530372,1.7845514299835439
RELIANCE.NS_2023-06-16_2023-06-23,RELIANCE.NS,2023-06-16,-5547.932953370455,-1.2943484609369493
COALINDIA.NS_2023-08-01_2023-08-02,COALINDIA.NS,2023-08-01,10032.229262725663,1.773048090563524
MARUTI.NS_2023-08-31_2023-09-01,MARUTI.NS,2023-08-31,9984.20164727516,1.769925618672832
LT.NS_2023-09-07_2023-09-08,LT.NS,2023-09-07,11050.768637857389,1.914765718246866
WIPRO.NS_2023-09-04_2023-09-12,WIPRO.NS,2023-09-04,10248.606720868402,1.778096621227201
ULTRACEMCO.NS_2023-09-04_2023-09-14,ULTRACEMCO.NS,2023-09-04,9686.899055718191,1.764742322993527
HEROMOTOCO.NS_2023-09-18_2023-09-25,HEROMOTOCO.NS,2023-09-18,-7038.875290602643,-1.1831407129390226
EICHERMOT.NS_2023-09-26_2023-10-03,EICHERMOT.NS,2023-09-26,-6988.135401329416,-1.1974632388974893
TCS.NS_2023-09-12_2023-10-09,TCS.NS,2023-09-12,8675.899190882043,1.7616885383871186
ICICIBANK.NS_2023-12-04_2023-12-05,ICICIBANK.NS,2023-12-04,9787.23534834678,1.7552167517133046
HCLTECH.NS_2023-11-16_2023-12-08,HCLTECH.NS,2023-11-16,10456.931375452266,1.7779333122922656
TATACONSUM.NS_2023-12-19_2023-12-20,TATACONSUM.NS,2023-12-19,10018.983308082446,1.758285273463095
HCLTECH.NS_2024-01-12_2024-01-15,HCLTECH.NS,2024-01-12,11548.820030129147,1.9252113326441487
TECHM.NS_2024-01-12_2024-01-15,TECHM.NS,2024-01-12,11093.519200774821,1.8382598130598227
TCS.NS_2024-01-12_2024-02-06,TCS.NS,2024-01-12,10854.843809910573,1.799734707920133
TCS.NS_2024-03-12_2024-03-19,TCS.NS,2024-03-12,-7351.817239085679,-1.1840013125541389
MARUTI.NS_2024-03-20_2024-03-22,MARUTI.NS,2024-03-20,11034.620787239905,1.8104681912713292
BAJAJFINSV.NS_2024-03-28_2024-04-08,BAJAJFINSV.NS,2024-03-28,11320.801103992299,1.8309333403120973
BHARTIARTL.NS_2024-04-18_2024-04-23,BHARTIARTL.NS,2024-04-18,11995.099402276996,1.9167060240122638
GRASIM.NS_2024-03-28_2024-04-24,GRASIM.NS,2024-03-28,11385.947000472985,1.843416468092492
SBIN.NS_2024-04-25_2024-04-29,SBIN.NS,2024-04-25,11690.068270169348,1.8264631728543599
SBIN.NS_2024-06-03_2024-06-04,SBIN.NS,2024-06-03,-7366.86071872699,-1.143000356135719
ONGC.NS_2024-07-05_2024-07-08,ONGC.NS,2024-07-05,11931.02883523788,1.860273855259641
ASIANPAINT.NS_2024-07-10_2024-07-31,ASIANPAINT.NS,2024-07-10,11509.581605650703,1.7822739481588175
CIPLA.NS_2024-07-26_2024-08-13,CIPLA.NS,2024-07-26,11753.139064980038,1.8167965298682436
BAJAJ-AUTO.NS_2024-08-23_2024-08-28,BAJAJ-AUTO.NS,2024-08-23,11571.61169137619,1.817188216310656
ASIANPAINT.NS_2024-09-04_2024-09-11,ASIANPAINT.NS,2024-09-04,11946.85251236933,1.7896860216090504
HUL.NS_2024-09-09_2024-09-23,HUL.NS,2024-09-09,11846.033924832867,1.7800687711595005
BRITANNIA.NS_2024-09-12_2024-09-27,BRITANNIA.NS,2024-09-12,11620.570564136979,1.768308750769665
KOTAKBANK.NS_2024-09-20_2024-10-03,KOTAKBANK.NS,2024-09-20,-7800.170818554412,-1.2365734151284025
LT.NS_2024-09-20_2024-10-03,LT.NS,2024-09-20,-4972.233242622593,-1.3670780213367464
CIPLA.NS_2024-08-30_2024-10-15,CIPLA.NS,2024-08-30,-7901.869474165503,-1.1911322271411162
WIPRO.NS_2024-09-13_2024-10-30,WIPRO.NS,2024-09-13,12496.684761663922,1.8378557756985647
BAJFINANCE.NS_2025-01-02_2025-01-03,BAJFINANCE.NS,2025-01-02,12505.955776318202,1.8373491327648621
EICHERMOT.NS_2025-01-02_2025-01-03,EICHERMOT.NS,2025-01-02,14619.540701975711,2.1656444982879193
SUNPHARMA.NS_2024-12-30_2025-01-10,SUNPHARMA.NS,2024-12-30,-8095.893298675492,-1.1960288070385456
LT.NS_2025-05-09_2025-05-12,LT.NS,2025-05-09,12571.014617064542,1.8370608334701004
TITAN.NS_2025-05-09_2025-05-15,TITAN.NS,2025-05-09,12681.447473255897,1.8442123353785032
GRASIM.NS_2025-05-15_2025-05-26,GRASIM.NS,2025-05-15,-8107.170057766721,-1.1602089793487498
BAJFINANCE.NS_2025-06-06_2025-06-09,BAJFINANCE.NS,2025-06-06,12733.263957046252,1.8255100236411732
DRREDDY.NS_2025-06-05_2025-06-10,DRREDDY.NS,2025-06-05,12605.387250898726,1.8111211123796187
ADANIENT.NS_2025-06-10_2025-06-13,ADANIENT.NS,2025-06-10,-8684.835825616989,-1.2286208295557646
BHARTIARTL.NS_2025-06-20_2025-06-26,BHARTIARTL.NS,2025-06-20,12526.170851015104,1.7814037424184663
ULTRACEMCO.NS_2025-06-24_2025-06-27,ULTRACEMCO.NS,2025-06-24,12371.11099162755,1.796160261280413
TATACONSUM.NS_2025-06-26_2025-07-01,TATACONSUM.NS,2025-06-26,-8470.071095691157,-1.1834452841216583
APOLLOHOSP.NS_2025-07-01_2025-07-11,APOLLOHOSP.NS,2025-07-01,-8611.656995326313,-1.2012329533140926
HCLTECH.NS_2025-06-11_2025-07-14,HCLTECH.NS,2025-06-11,-8309.708641849016,-1.1709515101517791
INDUSINDBK.NS_2025-06-27_2025-07-28,INDUSINDBK.NS,2025-06-27,-8196.641284505264,-1.1289019672768712
HEROMOTOCO.NS_2025-07-15_2025-08-05,HEROMOTOCO.NS,2025-07-15,12728.875904835952,1.8277395731949693
M&M.NS_2025-06-20_2025-08-18,M&M.NS,2025-06-20,14175.079189656039,2.023603978286647
HDFCBANK.NS_2025-06-26_2025-08-26,HDFCBANK.NS,2025-06-26,-7742.314799730442,-1.2565062942162077
SBIN.NS_2025-09-17_2025-09-22,SBIN.NS,2025-09-17,9073.138858764432,1.695884338758298
JSWSTEEL.NS_2025-09-08_2025-09-23,JSWSTEEL.NS,2025-09-08,12782.528295275086,1.8017133205627474
ULTRACEMCO.NS_2025-08-18_2025-09-24,ULTRACEMCO.NS,2025-08-18,-8606.568480418515,-1.2164359164564562
LT.NS_2025-09-16_2025-09-26,LT.NS,2025-09-16,11000.085179809901,1.7446702127302653
BHARTIARTL.NS_2025-09-19_2025-09-30,BHARTIARTL.NS,2025-09-19,-2797.3903041594594,-1.2541211161160517
TATACONSUM.NS_2025-09-17_2025-10-17,TATACONSUM.NS,2025-09-17,12918.417652878536,1.8121842518423967
ADANIPORTS.NS_2025-10-16_2025-10-27,ADANIPORTS.NS,2025-10-16,-8623.629579660528,-1.198320318725043
RELIANCE.NS_2025-10-20_2025-10-29,RELIANCE.NS,2025-10-20,10943.165307752944,1.736131756649705
CIPLA.NS_2025-10-20_2025-10-30,CIPLA.NS,2025-10-20,-8745.52150050698,-1.199559073923795
HINDALCO.NS_2025-10-24_2025-10-30,HINDALCO.NS,2025-10-24,13226.83720667864,1.8056611310880244
APOLLOHOSP.NS_2025-10-17_2025-10-31,APOLLOHOSP.NS,2025-10-17,-8374.908306199592,-1.2363927787426288
UPL.NS_2025-10-29_2025-11-07,UPL.NS,2025-10-29,13277.191879467491,1.8130681200653596
TATASTEEL.NS_2025-10-28_2025-11-14,TATASTEEL.NS,2025-10-28,-8656.25985002657,-1.1854104091200957
WIPRO.NS_2025-12-03_2025-12-08,WIPRO.NS,2025-12-03,12027.6147548607,1.756380563961106
DRREDDY.NS_2025-12-03_2025-12-09,DRREDDY.NS,2025-12-03,-8623.066607489744,-1.227563294810576
COALINDIA.NS_2025-12-23_2025-12-24,COALINDIA.NS,2025-12-23,10848.075998613062,1.7323319775443757
INFY.NS_2025-12-22_2025-12-30,INFY.NS,2025-12-22,-8850.200947686273,-1.2137058574757276
