fold_id,neighbor_params,trades,mean_r,is_positive
1,"{'rho': 0.075, 'L': 30, 'mu_v': 2.0, 'k': 1.75, 'm': 2.0}",7,-999.0,False
1,"{'rho': 0.125, 'L': 30, 'mu_v': 2.0, 'k': 1.75, 'm': 2.0}",65,0.9874883165987515,True
1,"{'rho': 0.1, 'L': 20, 'mu_v': 2.0, 'k': 1.75, 'm': 2.0}",82,0.9150809088013503,True
1,"{'rho': 0.1, 'L': 30, 'mu_v': 1.5, 'k': 1.75, 'm': 2.0}",52,0.8578672862201814,True
1,"{'rho': 0.1, 'L': 30, 'mu_v': 2.0, 'k': 1.5, 'm': 2.0}",35,1.0694767117010748,True
1,"{'rho': 0.1, 'L': 30, 'mu_v': 2.0, 'k': 1.75, 'm': 1.5}",35,0.9845431792777658,True
1,"{'rho': 0.1, 'L': 30, 'mu_v': 2.0, 'k': 1.75, 'm': 3.0}",33,0.9315203243454206,True
2,"{'rho': 0.1, 'L': 30, 'mu_v': 2.0, 'k': 1.75, 'm': 2.0}",53,1.2228799514609563,True
2,"{'rho': 0.075, 'L': 20, 'mu_v': 2.0, 'k': 1.75, 'm': 2.0}",55,0.9934156488600114,True
2,"{'rho': 0.075, 'L': 30, 'mu_v': 1.5, 'k': 1.75, 'm': 2.0}",24,0.6516396666232006,True
2,"{'rho': 0.075, 'L': 30, 'mu_v': 2.0, 'k': 1.5, 'm': 2.0}",12,1.4590009621696665,True
2,"{'rho': 0.075, 'L': 30, 'mu_v': 2.0, 'k': 1.75, 'm': 1.5}",12,1.5219285026064808,True
2,"{'rho': 0.075, 'L': 30, 'mu_v': 2.0, 'k': 1.75, 'm': 3.0}",12,1.235899155638156,True
3,"{'rho': 0.1, 'L': 30, 'mu_v': 2.0, 'k': 1.75, 'm': 2.0}",65,0.9376130642842034,True
3,"{'rho': 0.075, 'L': 20, 'mu_v': 2.0, 'k': 1.75, 'm': 2.0}",71,0.8229827044108379,True
3,"{'rho': 0.075, 'L': 30, 'mu_v': 1.5, 'k': 1.75, 'm': 2.0}",28,0.510845985536516,True
3,"{'rho': 0.075, 'L': 30, 'mu_v': 2.0, 'k': 1.5, 'm': 2.0}",14,1.3100608329579766,True
3,"{'rho': 0.075, 'L': 30, 'mu_v': 2.0, 'k': 1.75, 'm': 1.5}",14,1.3299685625013213,True
3,"{'rho': 0.075, 'L': 30, 'mu_v': 2.0, 'k': 1.75, 'm': 3.0}",14,1.1917663234055866,True
4,"{'rho': 0.1, 'L': 15, 'mu_v': 2.0, 'k': 1.25, 'm': 3.0}",313,1.2154803220117725,True
4,"{'rho': 0.075, 'L': 20, 'mu_v': 2.0, 'k': 1.25, 'm': 3.0}",118,1.1675270348386688,True
4,"{'rho': 0.075, 'L': 15, 'mu_v': 1.5, 'k': 1.25, 'm': 3.0}",286,1.0988224331225631,True
4,"{'rho': 0.075, 'L': 15, 'mu_v': 2.0, 'k': 1.5, 'm': 3.0}",181,1.062192794862082,True
4,"{'rho': 0.075, 'L': 15, 'mu_v': 2.0, 'k': 1.25, 'm': 2.0}",202,1.1846603169609378,True
5,"{'rho': 0.1, 'L': 15, 'mu_v': 2.0, 'k': 1.25, 'm': 3.0}",357,1.1720187085419707,True
5,"{'rho': 0.075, 'L': 20, 'mu_v': 2.0, 'k': 1.25, 'm': 3.0}",133,1.1178875616415318,True
5,"{'rho': 0.075, 'L': 15, 'mu_v': 1.5, 'k': 1.25, 'm': 3.0}",331,1.058770080367703,True
5,"{'rho': 0.075, 'L': 15, 'mu_v': 2.0, 'k': 1.5, 'm': 3.0}",201,1.1276699080620975,True
5,"{'rho': 0.075, 'L': 15, 'mu_v': 2.0, 'k': 1.25, 'm': 2.0}",228,1.1712371016080754,True
