signal_id,symbol,signal_date,status,atr_signal,ema,ema_lag,atr,natr,natr_prev,natr_median_ref,hh_prev,range_prev,volume,vol_prev_avg,traded_value_median_60
b58fcbb37e487964,RELIANCE.NS,2021-05-28,ACCEPTED,19.547440237923716,915.9296427383435,914.3800096960422,19.547440237923716,0.020219749372800456,0.018065447007124792,0.021380810837538636,943.5364379882812,0.08941229498336485,56469931.0,14801089.35,16056155100.252686
bbd013ce38c6dbb4,TCS.NS,2021-08-13,ACCEPTED,52.78611440878148,3250.007677788102,3224.408230710231,52.78611440878148,0.015241126031406333,0.014016916575679541,0.015407025656987584,3374.0,0.07712939126178557,4363584.0,2063432.95,5919029452.096802
ab5ccfc342237053,INFY.NS,2021-12-17,ACCEPTED,39.52480787246025,1730.4964148431607,1722.615553573959,39.52480787246025,0.02170678990713742,0.02096962730151711,0.021161850396269506,1808.949951171875,0.08375515963994176,18887243.0,5170915.1,8742292475.114685
0d6500a165de84be,HUL.NS,2021-03-19,ACCEPTED,47.772425685141016,2235.5204023268216,2233.842125937469,47.772425685141016,0.020662366590790165,0.01858015846410882,0.019594855841686222,2288.699951171875,0.07957544866597878,5382214.0,2298876.0,4935962639.040283
d6e7aac71abe8618,HUL.NS,2021-06-18,ACCEPTED,40.33198912086276,2364.685722719857,2353.5180407677253,40.33198912086276,0.016243904590270072,0.015047610604863157,0.016742510190249655,2446.949951171875,0.05501534832734705,3937751.0,1374939.3,3890720525.7612305
94f130567acc5c44,HUL.NS,2021-08-20,ACCEPTED,46.71915866552688,2410.488581236674,2393.331356270158,46.71915866552688,0.01783582515358734,0.015473053840293873,0.016429212313774866,2508.0,0.08196721311475409,5779927.0,1436436.05,2726409365.164795
6ae51b8f33499d56,SBIN.NS,2021-07-29,ACCEPTED,9.231793128005267,416.95959159969544,414.0575815720423,9.231793128005267,0.020907696485621494,0.02009312079699143,0.021929031198069403,436.5,0.0898876404494382,35263606.0,15646566.85,11875154067.82396
24ebffed8a111799,ITC.NS,2021-09-16,ACCEPTED,4.039264816863308,202.44420829729523,200.73901100851214,4.039264816863308,0.01817910775298035,0.014628772533486593,0.01613949388216384,209.19334411621094,0.06312703402206267,154986538.0,16374601.5,3317108220.2370605
03fb69d0b4070080,ASIANPAINT.NS,2021-07-20,ACCEPTED,58.0299507181406,2924.2555176018705,2901.785515956914,58.0299507181406,0.018369430626674392,0.01579940253115246,0.0186979135911541,3092.85009765625,0.06374895878116939,6755922.0,874227.85,3073633811.8635254
4a87784d29d3c286,AXISBANK.NS,2021-10-25,ACCEPTED,19.971584115594656,785.9149705203605,779.2510840178295,19.971584115594656,0.02363221475867119,0.02160685704970956,0.021831169786357765,827.0,0.09681697612732096,29193770.0,7267937.25,4945940903.837433
5b949eee3bb9cb10,LT.NS,2021-07-15,ACCEPTED,30.80943918497444,1483.2405950538835,1471.6176580453582,30.80943918497444,0.019144026875669004,0.017480721218343518,0.019563224611317313,1583.0,0.09379858352046985,9066480.0,2027529.15,3149531105.4658203
9674b440fd294b67,LT.NS,2021-10-19,ACCEPTED,41.275821737037305,1689.553822112841,1669.2718232019054,41.275821737037305,0.022358993876270716,0.020701702102642647,0.020733670121949366,1817.9000244140625,0.09829632554483614,6639827.0,2036993.1,3041611449.626343
76f908c3ab2ade59,MARUTI.NS,2021-09-27,ACCEPTED,149.16798535277783,6968.252213684292,6967.154498048846,149.16798535277783,0.02014844179639699,0.017621321209668035,0.019620954868447595,7084.7998046875,0.07492031629305113,2646138.0,833834.85,3671383064.120117
6cacbcf7f97ef084,HCLTECH.NS,2021-07-15,ACCEPTED,19.074143793472917,970.6539492483216,965.9722562315052,19.074143793472917,0.018344932717935,0.015858695607817348,0.016143029141283155,1010.0,0.08050280823749666,12701032.0,2994500.15,3867801133.4123535
f350818a35e8574e,HCLTECH.NS,2021-12-21,ACCEPTED,27.205900631265738,1168.5766214843882,1168.2845296484331,27.205900631265738,0.022577510897315967,0.02160880415563973,0.02393957857218442,1192.800048828125,0.09431197140194954,6217986.0,3026004.4,4209975112.133972
e4223e09c9bdbaba,NTPC.NS,2021-09-15,ACCEPTED,2.601219838772177,116.11909563025056,115.94270169054116,2.601219838772177,0.02094379953854735,0.018229959801520576,0.021293779721604483,119.5,0.06744085089388974,48721413.0,8722545.35,1240680823.2708893
1057176bc2ce8aa6,BAJAJFINSV.NS,2021-07-09,ACCEPTED,32.03289891866672,1164.7158137154997,1149.5455877098955,32.03289891866672,0.02491911513412828,0.024363785595192516,0.025626798918286897,1252.0,0.09531511877679583,7919220.0,2839268.5,3649532771.859131
2ede524210367908,ADANIPORTS.NS,2021-10-14,ACCEPTED,20.65271042158606,737.9852519930032,733.4271180663593,20.65271042158606,0.025409338990844802,0.023354406982383058,0.02529494834844801,786.0,0.08886891540308063,19754735.0,4419995.45,4143116917.8484497
29c1a8dae60e15bb,DIVISLAB.NS,2021-08-30,ACCEPTED,105.34857005562567,4713.76664963995,4667.958844929456,105.34857005562567,0.020639382878116407,0.019606008402340863,0.020243350034903004,5045.2001953125,0.09728360827097204,866739.0,414442.5,1757691006.855957
2e0463db333afbcd,BRITANNIA.NS,2022-11-07,ACCEPTED,88.06060578823465,3763.032156989154,3744.1553165629507,88.06060578823465,0.02127453180847609,0.017127798891898794,0.018144204464500713,3889.800048828125,0.05414635469596883,3142443.0,223428.35,966241155.7910156
e3f93cb557ed2802,HEROMOTOCO.NS,2022-08-17,ACCEPTED,65.99530527605249,2743.9894300530996,2728.681340664399,65.99530527605249,0.022651944046441313,0.02192688137114934,0.022330714570668278,2908.0,0.0652014652014652,2510869.0,566745.0,1525706914.579956
3b0199408950538f,RELIANCE.NS,2023-06-16,ACCEPTED,14.882897974898766,1132.1526408513284,1123.374990471767,14.882897974898766,0.012512212494814387,0.012706319240342497,0.013500825177158922,1182.616455078125,0.06063617408763939,24171579.0,11102567.85,12499078340.791077
b1bd54aecd52df12,TCS.NS,2023-09-12,ACCEPTED,49.002620640416986,3397.1746316935055,3378.7569778617876,49.002620640416986,0.013684824612436511,0.012747104158234922,0.01394536905755078,3489.949951171875,0.04375459545736986,4476016.0,1541291.65,5596487757.089111
10ae95ad1856828a,ICICIBANK.NS,2023-12-04,ACCEPTED,15.111337676591654,940.875456329047,939.1406430997488,15.111337676591654,0.01524549787176088,0.013277600895932896,0.014142452619289852,952.0,0.058954393770856504,33131257.0,12636017.9,11000458001.939636
cb59b5e31f151664,KOTAKBANK.NS,2023-05-31,ACCEPTED,7.442567323941523,377.2042274940134,373.704413865503,7.442567323941523,0.018473868528671677,0.015989952889469493,0.017194583876603022,396.0,0.0626022640181905,442990630.0,20574212.25,7233808234.694138
fa85b6ebf07d92fc,LT.NS,2023-09-07,ACCEPTED,47.50076076064164,2604.7591075098967,2573.2413996436667,47.50076076064164,0.016688013768384795,0.015186584040585857,0.016381519959538314,2766.800048828125,0.07032883900507737,4100519.0,1569698.95,3782295335.663452
d7f8d1df87f3cb69,MARUTI.NS,2023-08-31,ACCEPTED,163.5080853925286,9549.609238926458,9513.077696616758,163.5080853925286,0.016344597911277004,0.01565891336340572,0.01706665317931426,9892.0,0.06892578815459702,1581818.0,440271.8,3843757245.3671875
c6a488a47750c251,HCLTECH.NS,2023-11-16,ACCEPTED,22.278444455440056,1248.057674942016,1242.044660954881,22.278444455440056,0.01699282531231628,0.016304588658631942,0.019264135585226886,1287.300048828125,0.06516072716753454,3936945.0,1798369.35,2734183469.0462646
ff2f840b9b357a40,ULTRACEMCO.NS,2023-09-04,ACCEPTED,135.53406047861856,8183.985859096793,8152.1457541652235,135.53406047861856,0.015791817532430096,0.01457834158165088,0.015584828606255005,8458.599609375,0.05895973318673658,620108.0,266272.6,2040412225.1557617
91755e9288bec84e,WIPRO.NS,2023-09-04,ACCEPTED,3.631888812118028,203.41676294737283,202.4764967290942,3.631888812118028,0.01673295904654729,0.015000856444568876,0.016258541837782612,211.0749969482422,0.06455681979967909,27634648.0,8441475.1,1767191287.423294
540a0bbbd106c20f,NTPC.NS,2023-06-08,ACCEPTED,3.2071919176875903,174.6647731130477,174.18361606703218,3.2071919176875903,0.017617093457426465,0.016438891172722726,0.01740208053386394,180.0,0.06635069162177692,27382635.0,10298018.5,1554270530.147026
0d9abd06b9c582b5,COALINDIA.NS,2023-08-01,ACCEPTED,3.9048876921758167,230.72944193820996,230.5778993864456,3.9048876921758167,0.016246671907692953,0.014199621369665568,0.014584214529549246,237.3000030517578,0.06293394424079647,22409256.0,7984569.9,1452154252.1386414
48f2f445a846ead6,COALINDIA.NS,2023-09-04,SUPPRESSED_OPEN_POSITION,4.263853466021152,231.79406001731135,231.0741065267773,4.263853466021152,0.01720683379140461,0.015470320713070035,0.01851967685504152,243.14999389648438,0.07185359204059612,24785966.0,8024498.85,1476303652.87957
c0da00aa872786c9,BAJAJ-AUTO.NS,2023-01-27,ACCEPTED,77.4440564540125,3640.3022609265627,3623.980688784238,77.4440564540125,0.019672078860484537,0.016691085040615214,0.017859573935254586,3740.0,0.062484893146647014,2375899.0,269188.75,814489249.576416
d507f1bd60c60e34,EICHERMOT.NS,2023-09-26,ACCEPTED,63.779047251354896,3390.608178282408,3382.064476472833,63.779047251354896,0.018368748194973708,0.0168161783209754,0.017609236824432956,3461.0,0.05682619414506795,2178639.0,551215.85,2190879727.1656494
8ce13e83c996eeb2,HEROMOTOCO.NS,2023-09-18,ACCEPTED,61.9720180436586,2979.533654174012,2966.0158362303264,61.9720180436586,0.01989694507784812,0.019516784679738435,0.02119817437033538,3103.0,0.07370242214532872,897322.0,434003.25,1738998767.1345215
1d99041f2d7abe0f,TATACONSUM.NS,2023-12-19,ACCEPTED,15.134543774788977,922.8344761077593,915.5344047764754,15.134543774788977,0.015664796762767323,0.014825218887622272,0.01571851436443024,963.0,0.07417735638594534,3897491.0,1053335.45,982352101.4041443
a979ec660e6d8cd7,TCS.NS,2024-01-12,ACCEPTED,74.46120631922068,3650.066042182455,3629.354595973186,74.46120631922068,0.019177193103645383,0.017971958117365756,0.01843191173743029,3845.949951171875,0.053396316398760614,6813450.0,2187233.7,5804762969.644775
222853b3b25bd623,TCS.NS,2024-03-12,ACCEPTED,82.79064289465771,3965.253919334592,3934.6931822455986,82.79064289465771,0.019748498513842853,0.019596152400419103,0.019780153361558132,4154.89990234375,0.049627999240894075,4039801.0,1904291.45,8148032394.3186035
d70ff705b0815e8c,HUL.NS,2024-09-09,ACCEPTED,49.84882491804081,2708.50914860444,2677.403315238176,49.84882491804081,0.01706099804400858,0.016220340379059048,0.016437669088568092,2866.449951171875,0.048042960822618344,3342754.0,1612463.3,4692479332.970581
3189202b988ec549,SBIN.NS,2024-04-25,ACCEPTED,17.345217952939944,742.0077902372016,734.4523476500732,17.345217952939944,0.02134270664748229,0.019709168641384892,0.02106123071961052,780.7000122070312,0.06645724366547115,36732974.0,14329939.25,12597248275.51538
802da551406cea07,SBIN.NS,2024-06-03,ACCEPTED,22.379150941001587,795.9927985219806,785.2715061858681,22.379150941001587,0.02471059497346169,0.02146065334554958,0.022908519899278938,841.25,0.05505740986798463,64269020.0,19262922.5,12717856259.421844
0c335115a68f0efa,BHARTIARTL.NS,2024-04-18,ACCEPTED,28.381787865738342,1177.7160153625769,1165.5041856401854,28.381787865738342,0.02242290173078281,0.02094968123895584,0.02278372602615315,1245.0,0.05232019752464802,19939924.0,6787785.4,6642634269.106628
98dfec79af2479a4,KOTAKBANK.NS,2024-09-20,ACCEPTED,5.832539441798978,359.88536656598205,357.19369470880537,5.832539441798978,0.015312521751796256,0.014463638218734186,0.015044387700124388,375.0,0.06746374332639701,94247895.0,20128496.0,7391659337.741089
c06bc1c986d2435c,ASIANPAINT.NS,2024-07-10,ACCEPTED,51.252438410771624,2902.2897975450087,2895.0790455758784,51.252438410771624,0.01710438660613284,0.01581846247602417,0.018394806053395805,2968.449951171875,0.043740405480912084,2299950.0,1058828.55,3135512997.8894043
3f2a5cdefdb8dba8,ASIANPAINT.NS,2024-09-04,ACCEPTED,57.79558606321915,3046.1844448145243,3021.3992800856763,57.79558606321915,0.017884234929440523,0.01736004224270572,0.01981912211395375,3203.64990234375,0.07000546086317516,2379110.0,968786.35,3387394719.46875
c292855074fd674b,ASIANPAINT.NS,2024-09-11,SUPPRESSED_OPEN_POSITION,57.80778239866611,3090.9824669106733,3046.1844448145243,57.80778239866611,0.017166634467291476,0.016841323536523487,0.018404385914784854,3314.0,0.07456103095967953,2561892.0,1004708.45,3558774434.117676
0d4dcf4f10ba8a6c,LT.NS,2024-09-20,ACCEPTED,69.27856577547406,3635.0692211490314,3617.3419958851455,69.27856577547406,0.018260514920985654,0.017546113327748573,0.017717523144250808,3757.949951171875,0.0686924284883318,5401701.0,1979154.4,7523556174.491333
6e327e72b3ef8ade,MARUTI.NS,2024-03-20,ACCEPTED,239.015647464492,11074.031741201681,10952.96930508313,239.015647464492,0.020016132419883367,0.019356838548388204,0.019538948686115398,11730.0,0.05395570331102026,1031037.0,456582.8,5814397622.458496
c7ec631aba2aef71,MARUTI.NS,2024-09-26,REJECTED_CASH,228.78372300657716,12447.44721003074,12357.344929294208,228.78372300657716,0.017094078389191737,0.015506221184009069,0.016915332031154216,12816.2001953125,0.059654227748417374,1471069.0,547261.35,5506756266.817383
af3ae4f1d20ebde9,HCLTECH.NS,2024-01-12,ACCEPTED,32.77993698951173,1392.580301920385,1371.6971404159747,32.77993698951173,0.02127462094412765,0.020138384547938856,0.02015432225828833,1508.0,0.06410752144854988,5862043.0,2757193.25,2617553847.0
6766dbdee71f4e2e,SUNPHARMA.NS,2024-09-27,REJECTED_CASH,29.03225051204896,1778.1504454102064,1753.0893854062358,29.03225051204896,0.014898266146407022,0.014001729323102643,0.015810278358776606,1905.0,0.055401662049861494,3809008.0,1876815.15,2987641858.13501
2a21d26bd9f8f36d,SUNPHARMA.NS,2024-12-30,ACCEPTED,34.981801113316926,1816.143198011315,1809.6488995844043,34.981801113316926,0.018568820351386267,0.018556396779932302,0.020782870041133196,1866.0,0.051830528249534956,6021550.0,1755876.0,3113601995.0561523
7ec932ad405a3dcf,WIPRO.NS,2024-09-13,ACCEPTED,6.448174814953552,258.2884346154721,257.05319504760894,6.448174814953552,0.02342235779466402,0.02294397281137186,0.022997698534759352,271.0,0.059939363509618725,35919706.0,15253733.5,3189423181.1865234
8166ac8c321017ef,ONGC.NS,2024-07-05,ACCEPTED,7.888791308318711,271.24365776562763,269.788564738694,7.888791308318711,0.027372626558571145,0.027110656178618513,0.0359674227218338,279.79998779296875,0.06185953621620019,39781962.0,17783537.0,3888863582.0276184
3e220e16e49ec3fc,TECHM.NS,2024-01-12,ACCEPTED,30.94766128872781,1236.7425085841276,1232.9250516314432,30.94766128872781,0.02365938621114204,0.02283664006158617,0.02419723940016268,1303.800048828125,0.06746358503930107,5023455.0,2282032.4,1982183198.8260498
39fae317316b47e1,TECHM.NS,2024-01-15,SUPPRESSED_OPEN_POSITION,35.41211056609547,1240.6996660676543,1232.769165338911,35.41211056609547,0.0264733748886277,0.02365938621114204,0.02419723940016268,1311.75,0.07397246911738088,6012767.0,2268818.5,1982183198.8260498
afc8c195dc62d588,BAJAJFINSV.NS,2024-03-28,ACCEPTED,36.804027417847216,1601.328797331872,1601.0136141740932,36.804027417847216,0.022388921108648437,0.020846554909005357,0.02178754630732843,1636.5999755859375,0.06911413860928842,5210310.0,1252641.85,1917363937.4624634
9845cbfff0b1b4a0,GRASIM.NS,2024-03-28,ACCEPTED,55.64456045545837,2162.7918573045627,2147.034921966942,55.64456045545837,0.024327617395001278,0.023598570611180803,0.024878379437257556,2270.550048828125,0.06668699833668741,1786120.0,867166.05,1695454842.0
dc2482adfae48ec0,GRASIM.NS,2024-04-23,SUPPRESSED_OPEN_POSITION,53.20475624281203,2215.4562857484357,2200.927634951488,53.20475624281203,0.02244784441279427,0.021832333829211355,0.023102515278458323,2323.75,0.05560219724889178,1823447.0,661554.05,1578797600.7930908
41eff23d3ca25f76,JSWSTEEL.NS,2024-09-20,REJECTED_CASH,22.378828654098236,930.7273067413382,923.2632924702954,22.378828654098236,0.02279947932597646,0.022199625160242212,0.02249734407099417,978.5499877929688,0.07332453075667726,8035572.0,1852554.7,1617307646.1739502
5b913dce16968540,CIPLA.NS,2024-07-26,ACCEPTED,31.946446373766914,1490.5762790680137,1485.237392183901,31.946446373766914,0.020283458015090104,0.01780967745977138,0.01892757439758746,1531.949951171875,0.04427399534551806,4687416.0,1574632.6,2417003983.9055176
e32744488dc99a5c,CIPLA.NS,2024-08-30,ACCEPTED,31.145138975033067,1545.721300925155,1529.743752411544,31.145138975033067,0.018819951970246895,0.01840830861400762,0.020152783386275224,1642.300048828125,0.06297737788228155,3296701.0,1468797.3,2407524047.505249
4f2da7c0a9cda210,BRITANNIA.NS,2024-09-12,ACCEPTED,99.56929235074891,5753.299862875922,5703.329576585861,99.56929235074891,0.016298120448622812,0.016258229175385164,0.017570736534318905,6047.0498046875,0.06274110284692079,548745.0,239596.55,1317108253.7329102
cd8e3d3c55fd584a,BAJAJ-AUTO.NS,2024-08-23,ACCEPTED,212.26221161374687,9579.613486303171,9496.26897921636,212.26221161374687,0.020397177484149074,0.018943469587765358,0.022475668885758956,10011.0,0.06848966397589867,1229549.0,256208.3,2761873442.189453
bad0375b229d21d0,APOLLOHOSP.NS,2024-09-27,REJECTED_CASH,122.20702409908246,6812.854355969241,6735.160362552121,122.20702409908246,0.016893423292657236,0.016537502813562567,0.01938780926417655,7200.0,0.05564879059572251,772592.0,344930.45,2248295697.5874023
a4a3d62f098b8f56,RELIANCE.NS,2025-10-20,ACCEPTED,20.802601520861355,1393.607132914308,1390.3693179738893,20.802601520861355,0.01418230217368839,0.012717522326554586,0.01284804352109492,1423.300048828125,0.048935089704000415,24721978.0,11172025.6,13559434095.8349
1f1dd5992b7781d3,HDFCBANK.NS,2025-06-26,ACCEPTED,14.214024358058138,958.9263908331296,952.4456261245818,14.214024358058138,0.01406076171211576,0.013630818763142245,0.014919114106507654,998.1500244140625,0.04354419698281495,50084830.0,19241447.2,18222119184.23584
258b84a60a8ea8af,INFY.NS,2025-12-22,ACCEPTED,28.595619086214636,1557.4398651388576,1540.9625810560146,28.595619086214636,0.01692449070751078,0.016234194906464963,0.017477563292397198,1654.9000244140625,0.06486072351305498,23098923.0,7906870.6,11155268933.159363
581327d405e0cd1d,SBIN.NS,2025-09-17,ACCEPTED,10.429031107662107,813.8044066030153,809.6116567918154,10.429031107662107,0.012167101219872528,0.01099489025018169,0.011774701053013727,833.0,0.043206011271133375,17243938.0,5670770.7,5783933909.280731
5c6564db6b3112cf,BAJFINANCE.NS,2025-01-02,ACCEPTED,16.806225121153798,692.6738605947621,691.119001585305,16.806225121153798,0.022744309952160587,0.020609964534120312,0.022243266021099013,725.739990234375,0.0685217567592705,31716510.0,9662351.0,5723069095.796509
648a57b855abe854,BAJFINANCE.NS,2025-06-06,ACCEPTED,19.957601190774337,894.8937869042613,891.9503835910177,19.957601190774337,0.021296057910527716,0.01925284235954215,0.024732322558811415,933.6500244140625,0.05265236097221065,19783860.0,8187057.0,9309077411.106873
c83017a46c5763b2,BAJFINANCE.NS,2025-06-09,SUPPRESSED_OPEN_POSITION,21.50705563278376,897.4763834962511,892.7307597476813,21.50705563278376,0.02238569412727948,0.021296057910527716,0.024278619671436068,943.4000244140625,0.06364508870862355,23496010.0,8568683.0,9499265865.119934
dff0044685f00efe,BHARTIARTL.NS,2025-06-20,ACCEPTED,33.012344396836035,1829.8479511676846,1818.6219468243842,33.012344396836035,0.01704566800699336,0.015867088297844535,0.017420254634353524,1889.0,0.04077134986225895,16228526.0,6080824.8,10783133762.827393
0bdd91380ef1f193,BHARTIARTL.NS,2025-09-19,ACCEPTED,29.157625247289527,1908.6689664825565,1902.0203356596985,29.157625247289527,0.014858145579159108,0.014234861200031453,0.016120633230329407,1950.0999755859375,0.04283421154328208,11287603.0,4061497.75,8600542139.64746
f7e0571b2c459a59,LT.NS,2025-05-09,ACCEPTED,80.0351344098775,3322.25658291338,3315.5690833798553,80.0351344098775,0.023239680791944474,0.02238778387075484,0.02687798946166006,3376.39990234375,0.06767012604617087,5637694.0,2472019.4,6467760202.657715
0b28f101bc980cc7,LT.NS,2025-09-16,ACCEPTED,53.88859244781116,3579.811462612607,3578.2241834836555,53.88859244781116,0.01469234738273935,0.01429926372714878,0.01579950287291798,3628.60009765625,0.03190768923571985,2928060.0,1328000.95,4772259763.625977
edce207852b89b04,LT.NS,2025-09-26,SUPPRESSED_OPEN_POSITION,60.81787467308487,3605.86171942059,3591.3869330566886,60.81787467308487,0.016307246192005596,0.014795096886393161,0.015058627893695015,3709.199951171875,0.05482881759256675,5870301.0,1433317.05,4742413067.950562
df1a851257caf402,HCLTECH.NS,2025-06-11,ACCEPTED,36.114726554060766,1620.336268843722,1610.8067876426721,36.114726554060766,0.02097376505140017,0.02057643444514924,0.025647651995551503,1684.9000244140625,0.049324329358287365,5085821.0,2179437.3,4250986072.4205933
b79ef4020ad97e40,TATASTEEL.NS,2025-10-28,ACCEPTED,3.5175007546781907,169.31593161335576,167.80574626500618,3.5175007546781907,0.019347125031144507,0.01909143846942677,0.019339994538355054,177.89999389648438,0.05110779259370384,59511794.0,23779733.9,3356300057.5172195
6d703bba8b41a156,ULTRACEMCO.NS,2025-06-24,ACCEPTED,218.65180448537814,11436.034367176586,11429.525534931829,218.65180448537814,0.018883479098832208,0.018047429488603602,0.02021751106168055,11525.0,0.0554029304029304,735700.0,285555.55,3195844374.0
fe0b2a0d66475d2f,ULTRACEMCO.NS,2025-08-18,ACCEPTED,214.40102346448893,12151.941825860411,12081.019504101354,214.40102346448893,0.016796006538542022,0.015079935352032808,0.015799279467876647,12530.0,0.03768115942028986,808480.0,242142.0,2718663316.5
f50bedc4c47b20d3,WIPRO.NS,2025-12-03,ACCEPTED,3.928832371479931,246.22734060604427,245.18501410655188,3.928832371479931,0.01542593872479857,0.014772615187363336,0.015820933797755305,251.99000549316406,0.048647533470435954,17215454.0,8037227.05,1895600624.9254913
6ceeb52ad191207c,M&M.NS,2025-06-20,ACCEPTED,75.32116361494766,2990.633806831646,2972.2779240167315,75.32116361494766,0.02365317357267551,0.02340890239156068,0.02474206949665778,3141.0,0.07128240109140518,8315834.0,2206126.85,7995805363.304565
d2f23bf60365b0df,M&M.NS,2025-08-18,SUPPRESSED_OPEN_POSITION,75.24455595402502,3167.005361068839,3143.2971108308925,75.24455595402502,0.022241303473743822,0.020890919529749575,0.020976491203398492,3313.5,0.06314372634880315,5787481.0,2270316.85,6546668938.299927
7a4b36fb574491af,TITAN.NS,2025-05-09,ACCEPTED,84.89319635995555,3260.2241920926613,3235.573841599245,84.89319635995555,0.02418402848163826,0.023120636460325413,0.023513239568477846,3419.5,0.06486673268418222,2863992.0,944759.15,2528308132.9335938
fecf0956d5031519,TITAN.NS,2025-06-25,SUPPRESSED_OPEN_POSITION,69.84251225373684,3458.41239126407,3439.436990096293,69.84251225373684,0.019123408681752652,0.018299122377772065,0.019362563715835675,3580.0,0.05823233816139521,2697912.0,813719.1,2598539812.2089844
12486f7c3a1d56e6,ADANIENT.NS,2025-06-10,ACCEPTED,64.55496055068055,2444.6666514688814,2421.9516780064364,64.55496055068055,0.02470435809503868,0.024376980476898326,0.028690855967390072,2604.10009765625,0.06677317335593884,2084054.0,908946.45,2260266458.482666
cae8c1c497d4aab2,ADANIPORTS.NS,2025-10-16,ACCEPTED,26.95292537510606,1397.1550364868576,1387.1120141868305,26.95292537510606,0.018217590655698588,0.017898039555674452,0.018650480740124983,1456.300048828125,0.05712839331948582,6512312.0,2352059.1,2132280882.6585693
55e0fc7ca3e0c78c,GRASIM.NS,2025-05-15,ACCEPTED,62.95207965808542,2632.4643783993456,2610.2780737587104,62.95207965808542,0.022285499352140425,0.021690585803056297,0.022497659787162727,2773.699951171875,0.05600390163956978,1353535.0,568934.45,1400395473.6889648
5b70fa161e72ade8,JSWSTEEL.NS,2025-09-08,ACCEPTED,21.021189930535986,1045.7876755090133,1039.6411495092266,21.021189930535986,0.01908588111909578,0.01828610077123864,0.019995964728626036,1089.199951171875,0.06544063795142538,3219380.0,1583173.6,1478113821.9030762
091948a7c2041c16,JSWSTEEL.NS,2025-10-28,REJECTED_CASH,22.89668327817218,1120.6656709093356,1113.2837556080333,22.89668327817218,0.01933514965569269,0.018662741004932627,0.018677236512832204,1178.800048828125,0.041802959635992044,3451230.0,1509213.1,1588943276.6696777
d8796dd68a8d2ae8,HINDALCO.NS,2025-10-24,ACCEPTED,16.117061805701184,748.4567927431822,738.5774656691335,16.117061805701184,0.01954886477902551,0.018593841862357127,0.01911085699399597,799.8499755859375,0.06017623784787996,16905398.0,4348410.75,3021469359.8688354
0fce58281168d53f,COALINDIA.NS,2025-12-23,ACCEPTED,5.514859573100089,383.515124249595,382.36207304290076,5.514859573100089,0.01377337576714811,0.012448697399326861,0.01364678455227154,387.3500061035156,0.040703904888797784,18487395.0,3631187.85,1695260012.8533783
a3f56b0568ba64b3,DRREDDY.NS,2025-06-05,ACCEPTED,25.92175544193693,1207.0108458420475,1195.5832707218235,25.92175544193693,0.020085042563377047,0.019134274064297793,0.02622036352004317,1266.0,0.05482423888109464,3834672.0,1831008.15,2062902400.1900024
63adfa19a43cbd0e,DRREDDY.NS,2025-12-03,ACCEPTED,20.721354866909078,1249.754860836308,1246.2784808723288,20.721354866909078,0.016179710827620847,0.016063780613921063,0.017741973806974072,1278.300048828125,0.05209880561985597,4969448.0,1638910.4,1760286977.7971802
91d80ddebd654e42,CIPLA.NS,2025-10-20,ACCEPTED,29.279572028386987,1542.6577781217666,1534.172664028066,29.279572028386987,0.017863200820267395,0.016603311225081963,0.01761000347758009,1582.0999755859375,0.0724647694904971,3372906.0,1291269.9,1727559302.1811523
324dde5409f98718,INDUSINDBK.NS,2025-06-27,ACCEPTED,23.962772840463007,820.91760422029,816.8208192797474,23.962772840463007,0.02793840795081962,0.026310694167705758,0.029665684864152893,857.3499755859375,0.06503102557259317,12647856.0,6265171.9,6453985124.833862
a0cfa15898daeb8e,EICHERMOT.NS,2025-01-02,ACCEPTED,125.01231639625233,4841.000012442578,4815.33797029966,125.01231639625233,0.02355123567685744,0.020271528573447353,0.021138089000211253,4954.9501953125,0.060199865580571055,2863478.0,350601.7,1929542565.2402344
e85de74ee46ee05c,HEROMOTOCO.NS,2025-07-15,ACCEPTED,96.72600282636817,4229.686988751882,4210.302383127828,96.72600282636817,0.02171665981732559,0.020640869126977223,0.022134000070120313,4374.7001953125,0.04408119219868735,1756329.0,532629.0,2347795103.01709
c573bdb16e2fb0f6,APOLLOHOSP.NS,2025-07-01,ACCEPTED,136.55266562842047,6977.640317463523,6918.126934422391,136.55266562842047,0.018216737677217244,0.016668125239499145,0.017688488994201806,7336.5,0.06899315168293749,1872535.0,413463.8,2567629566.75
084e1e06a2d61aff,APOLLOHOSP.NS,2025-10-17,ACCEPTED,122.04798616974503,7641.272105196607,7605.578101969414,122.04798616974503,0.015446179354520664,0.014849161700747092,0.015319917745183211,7870.0,0.06943878244326675,610960.0,292292.15,2413714168.5
9b38afc2d26c0488,TATACONSUM.NS,2025-06-26,ACCEPTED,22.50669638428664,1101.6924482200914,1097.9250650263807,22.50669638428664,0.019649638470891514,0.019406174670760386,0.02065854808214427,1133.9000244140625,0.07072712409259915,2236678.0,1113666.3,1242019501.5031128
2640862f1b59937d,TATACONSUM.NS,2025-09-17,ACCEPTED,22.738898547974916,1085.6937396997666,1080.6536720615247,22.738898547974916,0.020011350497983096,0.019133533312821166,0.019969286804474563,1126.0,0.06709633444305649,3361334.0,1001520.75,982765346.3375854
b8b30ab4989dd37a,TATACONSUM.NS,2025-11-03,ACCEPTED,23.711832023131347,1131.536904509132,1121.3841342561207,23.711832023131347,0.019801112336644132,0.01890825689452551,0.019102847160489465,1191.199951171875,0.07470220582283307,2595111.0,1162130.4,1122795402.2098389
14fa0e272d0b173c,TATACONSUM.NS,2025-12-29,ACCEPTED,20.454593464651218,1160.131505959564,1155.048195915369,20.454593464651218,0.017113951054462315,0.01674709631064541,0.020287729597156197,1189.5,0.050887864955877715,1806020.0,735253.25,1198874181.0476685
1e167fcaf9a8fe90,UPL.NS,2025-10-29,ACCEPTED,14.660764496096496,684.6468313691622,683.2392771523064,14.660764496096496,0.02036075931482664,0.02036947351630652,0.021885530494856302,709.0,0.06456456456456457,3405916.0,1538469.45,1288579177.5247498
